,"last_name, first_name",year,home_run,k_percent,p_earned_run,p_run,p_win,p_loss,p_era,barrel_batted_rate,hard_hit_percent,win_loss_pct,lack_of_run_support
0,"Colon, Bartolo",2015,25,16.7,90,94,14,13,4.16,5.4,34.7,1.0769230769230769,False
1,"Burnett, A.J.",2015,11,20.5,58,64,9,7,3.18,4.8,38.7,1.2857142857142858,True
2,"Hudson, Tim",2015,13,12.2,61,62,8,9,4.44,4.8,34.1,0.8888888888888888,False
3,"Buehrle, Mark",2015,22,11.0,84,100,15,8,3.81,4.9,33.0,1.875,False
4,"Sabathia, CC",2015,28,18.9,88,92,6,10,4.73,4.1,31.1,0.6,False
5,"Vogelsong, Ryan",2015,17,18.1,70,76,9,11,4.67,8.2,36.1,0.8181818181818182,False
6,"Dickey, R.A.",2015,25,14.3,93,97,11,11,3.91,4.4,30.5,1.0,True
7,"Lohse, Kyle",2015,29,16.2,99,99,5,13,5.85,7.5,32.0,0.38461538461538464,False
8,"Lackey, John",2015,21,19.5,67,71,13,10,2.77,5.6,32.5,1.3,True
9,"De La Rosa, Jorge",2015,17,21.1,69,73,9,7,4.17,4.6,31.3,1.2857142857142858,False
10,"Lewis, Colby",2015,26,16.5,106,114,17,9,4.66,6.8,35.1,1.8888888888888888,False
11,"Harang, Aaron",2015,26,14.4,93,100,6,15,4.86,7.0,37.0,0.4,False
12,"Guthrie, Jeremy",2015,29,12.7,98,101,8,8,5.95,6.5,34.9,1.0,False
13,"Williams, Jerome",2015,22,13.4,78,83,4,12,5.8,6.6,37.0,0.3333333333333333,False
14,"Greinke, Zack",2015,14,23.7,41,43,19,3,1.66,4.0,27.8,6.333333333333333,False
15,"Haren, Dan",2015,31,17.2,75,79,11,9,3.6,6.4,33.7,1.2222222222222223,True
16,"Simon, Alfredo",2015,24,14.3,105,112,13,12,5.05,6.1,39.1,1.0833333333333333,False
17,"Hamels, Cole",2015,22,24.4,86,88,13,8,3.65,4.4,33.4,1.625,False
18,"Kazmir, Scott",2015,20,20.3,63,77,7,11,3.1,5.2,34.3,0.6363636363636364,True
19,"Danks, John",2015,24,16.1,93,104,7,15,4.71,5.1,30.4,0.4666666666666667,False
20,"Hernández, Félix",2015,23,23.2,79,80,18,9,3.53,4.2,34.6,2.0,False
21,"Verlander, Justin",2015,13,21.1,50,56,5,8,3.38,4.1,27.6,0.625,True
22,"Liriano, Francisco",2015,15,26.5,70,75,12,7,3.38,4.3,28.2,1.7142857142857142,False
23,"Jiménez, Ubaldo",2015,20,21.2,84,89,12,10,4.11,4.2,31.8,1.2,False
24,"Hammel, Jason",2015,23,24.2,71,79,10,7,3.74,7.1,36.4,1.4285714285714286,False
25,"Sánchez, Aníbal",2015,29,20.9,87,89,10,10,4.99,6.1,31.1,1.0,False
26,"Chavez, Jesse",2015,18,20.2,73,78,7,15,4.18,5.3,34.2,0.4666666666666667,False
27,"Kluber, Corey",2015,22,27.7,86,92,9,16,3.49,5.6,32.1,0.5625,True
28,"Shields, James",2015,33,25.1,88,93,13,7,3.91,5.6,37.7,1.8571428571428572,False
29,"García, Jaime",2015,6,19.0,35,37,10,6,2.43,3.7,30.5,1.6666666666666667,False
30,"Volquez, Edinson",2015,16,18.2,79,89,13,9,3.55,5.9,33.5,1.4444444444444444,False
31,"Morton, Charlie",2015,13,17.1,69,77,9,9,4.81,4.3,37.2,1.0,False
32,"Weaver, Jered",2015,24,13.5,82,84,7,12,4.64,6.2,28.5,0.5833333333333334,False
33,"Wilson, C.J.",2015,13,19.9,57,59,8,8,3.89,5.2,41.9,1.0,True
34,"Gallardo, Yovani",2015,15,15.3,70,76,13,11,3.42,2.8,34.3,1.1818181818181819,True
35,"Lester, Jon",2015,16,25.0,76,83,11,12,3.34,4.4,28.4,0.9166666666666666,True
36,"Kendrick, Kyle",2015,33,12.7,100,102,7,13,6.32,6.2,37.6,0.5384615384615384,False
37,"Kennedy, Ian",2015,31,24.4,80,95,9,15,4.28,8.3,39.8,0.6,False
38,"Scherzer, Max",2015,27,30.7,71,74,14,12,2.79,5.8,29.8,1.1666666666666667,True
39,"Arrieta, Jake",2015,10,27.1,45,52,22,6,1.77,2.2,24.7,3.6666666666666665,False
40,"Price, David",2015,17,25.3,60,70,18,5,2.45,4.6,30.8,3.6,False
41,"González, Miguel",2015,24,17.5,79,81,9,12,4.91,5.7,34.8,0.75,False
42,"Cueto, Johnny",2015,21,20.3,81,87,11,13,3.44,4.9,31.8,0.8461538461538461,True
43,"Happ, J.A.",2015,16,21.1,69,71,11,8,3.61,4.6,37.4,1.375,False
44,"Lynn, Lance",2015,13,22.2,59,66,12,11,3.03,4.9,30.9,1.0909090909090908,True
45,"Pelfrey, Mike",2015,11,12.0,78,86,6,11,4.26,4.6,37.1,0.5454545454545454,False
46,"Gonzalez, Gio",2015,8,22.3,74,79,11,8,3.79,4.8,34.1,1.375,False
47,"Hughes, Phil",2015,29,14.4,76,76,11,9,4.4,7.6,40.6,1.2222222222222223,False
48,"Estrada, Marco",2015,24,18.1,63,67,13,8,3.13,5.3,30.8,1.625,False
49,"Carrasco, Carlos",2015,18,29.6,74,75,14,12,3.63,4.5,34.1,1.1666666666666667,True
50,"Anderson, Brett",2015,18,15.5,74,82,10,9,3.69,4.1,32.9,1.1111111111111112,True
51,"Ross, Tyson",2015,9,25.8,71,78,10,12,3.26,3.3,32.8,0.8333333333333334,True
52,"Hellickson, Jeremy",2015,22,19.0,75,79,9,12,4.62,8.2,36.7,0.75,False
53,"Warren, Adam",2015,10,19.5,48,51,7,7,3.29,3.1,30.2,1.0,True
54,"Niese, Jonathon",2015,20,14.7,81,93,9,10,4.13,4.4,32.5,0.9,False
55,"Kershaw, Clayton",2015,15,33.8,55,62,16,7,2.13,3.3,24.4,2.2857142857142856,False
56,"Cashner, Andrew",2015,19,20.5,89,111,6,16,4.34,5.1,34.6,0.375,False
57,"Miley, Wade",2015,17,17.7,96,98,11,11,4.46,4.5,31.5,1.0,False
58,"Garza, Matt",2015,23,15.6,93,102,6,14,5.63,4.8,32.0,0.42857142857142855,False
59,"Quintana, Jose",2015,16,20.5,77,81,9,10,3.36,4.3,32.9,0.9,True
60,"Pineda, Michael",2015,21,23.4,78,83,12,10,4.37,5.7,34.2,1.2,False
61,"Tillman, Chris",2015,20,16.2,96,97,11,11,4.99,5.1,32.3,1.0,False
62,"Karns, Nate",2015,19,23.3,60,62,7,5,3.67,7.0,37.3,1.4,False
63,"Archer, Chris",2015,19,29.0,76,85,12,13,3.23,4.6,39.1,0.9230769230769231,True
64,"Gibson, Kyle",2015,18,17.7,83,88,11,11,3.84,5.0,34.4,1.0,True
65,"Locke, Jeff",2015,15,17.5,84,95,8,11,4.49,3.5,30.0,0.7272727272727273,False
66,"Samardzija, Jeff",2015,29,17.9,118,122,11,13,4.96,5.1,31.8,0.8461538461538461,False
67,"Leake, Mike",2015,22,15.3,79,80,11,10,3.7,5.3,35.9,1.1,True
68,"Santiago, Héctor",2015,29,20.9,72,80,9,9,3.59,7.9,35.8,1.0,True
69,"Anderson, Chase",2015,18,17.3,73,75,6,6,4.3,5.2,31.1,1.0,False
70,"Salazar, Danny",2015,23,25.8,71,79,14,10,3.45,6.4,37.5,1.4,False
71,"Bettis, Chad",2015,11,19.5,54,56,8,6,4.23,5.8,31.8,1.3333333333333333,False
72,"Bumgarner, Madison",2015,21,26.9,71,73,18,9,2.93,4.8,30.1,2.0,False
73,"Duffy, Danny",2015,15,17.3,62,64,7,8,4.08,4.5,32.5,0.875,False
74,"Harvey, Matt",2015,18,24.9,57,62,13,8,2.71,3.4,30.4,1.625,False
75,"Heston, Chris",2015,16,18.9,78,82,12,11,3.95,4.9,36.6,1.0909090909090908,True
76,"Nelson, Jimmy",2015,18,19.7,81,89,11,13,4.11,4.8,28.9,0.8461538461538461,False
77,"Porcello, Rick",2015,25,20.2,94,103,9,15,4.92,5.6,36.5,0.6,False
78,"Sale, Chris",2015,23,32.1,79,88,13,11,3.41,4.0,26.7,1.1818181818181819,True
79,"Zimmermann, Jordan",2015,24,19.7,82,89,13,10,3.66,4.2,32.9,1.3,True
80,"Kelly, Joe",2015,15,18.7,72,76,10,6,4.82,4.3,39.8,1.6666666666666667,False
81,"De La Rosa, Rubby",2015,32,18.5,98,103,14,9,4.67,6.1,32.8,1.5555555555555556,False
82,"Teheran, Julio",2015,27,20.3,90,99,11,8,4.04,5.1,36.6,1.375,False
83,"Shoemaker, Matt",2015,24,20.4,67,70,7,10,4.46,6.0,34.5,0.7,False
84,"Ramírez, Erasmo",2015,16,18.9,68,73,11,6,3.75,4.9,33.7,1.8333333333333333,False
85,"Cole, Gerrit",2015,11,24.3,60,71,19,8,2.6,4.3,34.7,2.375,False
86,"DeSclafani, Anthony",2015,17,19.2,83,93,9,13,4.05,4.9,34.3,0.6923076923076923,True
87,"Eovaldi, Nathan",2015,10,18.0,72,72,14,3,4.2,5.0,34.8,4.666666666666667,False
88,"Gray, Sonny",2015,17,20.3,63,71,14,7,2.73,4.5,34.6,2.0,False
89,"Hendricks, Kyle",2015,17,22.6,79,82,8,7,3.95,3.5,29.2,1.1428571428571428,True
90,"Koehler, Tom",2015,22,17.1,85,96,11,14,4.08,5.7,37.1,0.7857142857142857,False
91,"McHugh, Collin",2015,19,19.9,88,89,19,7,3.89,3.5,29.2,2.7142857142857144,False
92,"Milone, Tommy",2015,17,16.8,56,64,9,5,3.92,5.3,29.2,1.8,False
93,"Odorizzi, Jake",2015,18,21.4,63,65,9,9,3.35,6.2,33.9,1.0,True
94,"Rusin, Chris",2015,19,14.5,78,88,6,10,5.33,5.6,34.5,0.6,False
95,"Strasburg, Stephen",2015,14,29.6,49,56,11,7,3.46,4.4,33.3,1.5714285714285714,False
96,"Bauer, Trevor",2015,23,22.8,89,90,11,12,4.55,5.9,33.9,0.9166666666666666,False
97,"Lorenzen, Michael",2015,18,16.1,68,70,4,9,5.4,5.4,36.0,0.4444444444444444,False
98,"Iwakuma, Hisashi",2015,18,21.5,51,53,9,5,3.54,5.5,34.2,1.8,False
99,"Tanaka, Masahiro",2015,25,22.9,60,66,12,7,3.51,7.7,36.7,1.7142857142857142,False
100,"Pérez, Williams",2015,13,14.2,62,66,7,6,4.78,5.5,39.9,1.1666666666666667,False
101,"Ventura, Yordano",2015,14,22.5,74,75,13,8,4.08,5.3,31.9,1.625,False
102,"Fiers, Mike",2015,24,23.7,74,83,7,10,3.69,5.9,29.4,0.7,True
103,"Hutchison, Drew",2015,22,19.4,93,103,13,5,5.57,6.3,34.8,2.6,False
104,"Miller, Shelby",2015,13,19.9,69,82,6,17,3.02,3.6,27.7,0.35294117647058826,True
105,"Richards, Garrett",2015,20,20.3,84,94,15,12,3.65,4.9,31.6,1.25,True
106,"Keuchel, Dallas",2015,17,23.7,64,68,20,8,2.48,3.3,28.0,2.5,False
107,"Ray, Robbie",2015,9,21.8,50,56,5,12,3.52,5.4,35.8,0.4166666666666667,True
108,"Syndergaard, Noah",2015,19,27.5,54,60,9,7,3.24,5.0,28.0,1.2857142857142858,True
109,"Walker, Taijuan",2015,25,22.3,86,92,11,8,4.56,7.6,33.8,1.375,False
110,"Martinez, Carlos",2015,13,24.4,60,65,14,7,3.01,4.6,33.6,2.0,False
111,"Rodriguez, Eduardo",2015,13,18.8,52,55,10,6,3.85,5.2,31.4,1.6666666666666667,False
112,"deGrom, Jacob",2015,16,27.3,54,59,14,8,2.54,4.0,29.6,1.75,False
113,"Rodón, Carlos",2015,11,22.9,58,63,9,6,3.75,4.9,38.0,1.5,False
114,"Martinez, Nick",2015,16,13.8,55,66,7,7,3.96,5.5,35.5,1.0,True
115,"Wacha, Michael",2015,19,20.1,68,74,17,7,3.38,4.8,33.4,2.4285714285714284,False
116,"Graveman, Kendall",2015,15,15.3,52,57,6,9,4.05,5.8,38.2,0.6666666666666666,True
117,"Chen, Wei-Yin",2015,28,19.3,71,78,11,8,3.34,5.9,31.9,1.375,False
118,"McCullers Jr., Lance",2015,10,24.8,45,49,6,7,3.22,6.7,32.1,0.8571428571428571,True
119,"Wood, Alex",2015,15,17.4,81,86,12,12,3.84,4.3,32.7,1.0,True
120,"Despaigne, Odrisamer",2015,17,12.6,81,82,5,9,5.8,5.0,30.0,0.5555555555555556,False
121,"Colon, Bartolo",2016,24,16.2,73,81,15,8,3.43,5.3,37.6,1.875,False
122,"Sabathia, CC",2016,22,19.8,78,83,9,12,3.91,4.4,26.9,0.75,True
123,"Dickey, R.A.",2016,28,17.3,84,97,10,15,4.46,7.3,35.5,0.6666666666666666,False
124,"Lackey, John",2016,23,24.1,70,74,11,8,3.35,5.9,38.1,1.375,False
125,"De La Rosa, Jorge",2016,23,17.6,82,93,8,9,5.51,6.4,38.6,0.8888888888888888,False
126,"Peavy, Jake",2016,18,19.6,73,76,5,9,5.54,9.2,36.8,0.5555555555555556,False
127,"Wainwright, Adam",2016,22,19.0,102,108,13,9,4.62,5.9,30.2,1.4444444444444444,False
128,"Greinke, Zack",2016,23,20.1,77,80,13,7,4.37,6.9,30.9,1.8571428571428572,False
129,"Santana, Ervin",2016,19,19.9,68,78,7,11,3.38,5.9,31.7,0.6363636363636364,True
130,"Hamels, Cole",2016,24,23.6,74,83,15,5,3.32,6.0,35.7,3.0,False
131,"Kazmir, Scott",2016,21,22.7,69,71,10,6,4.56,5.3,31.0,1.6666666666666667,False
132,"Hernández, Félix",2016,19,18.6,65,76,11,8,3.82,5.9,34.3,1.375,False
133,"Verlander, Justin",2016,30,28.1,77,81,16,9,3.04,7.5,32.9,1.7777777777777777,False
134,"Liriano, Francisco",2016,26,23.0,85,98,8,13,4.69,6.4,33.3,0.6153846153846154,False
135,"Jiménez, Ubaldo",2016,16,19.6,86,93,8,12,5.44,5.0,32.3,0.6666666666666666,False
136,"Hammel, Jason",2016,25,20.8,71,77,15,10,3.83,7.2,37.2,1.5,False
137,"Sánchez, Aníbal",2016,30,20.2,100,108,7,13,5.87,6.1,35.2,0.5384615384615384,False
138,"Nolasco, Ricky",2016,26,17.6,97,104,8,14,4.42,6.4,35.9,0.5714285714285714,False
139,"Kluber, Corey",2016,22,26.4,75,82,18,9,3.14,6.0,30.4,2.0,False
140,"Shields, James",2016,40,16.4,118,122,6,19,5.85,8.4,33.3,0.3157894736842105,False
141,"García, Jaime",2016,26,20.2,89,94,10,13,4.67,5.7,35.3,0.7692307692307693,False
142,"Volquez, Edinson",2016,23,16.3,113,124,10,11,5.37,6.3,35.5,0.9090909090909091,False
143,"Weaver, Jered",2016,37,13.4,100,106,12,12,5.06,7.4,32.1,1.0,False
144,"Fister, Doug",2016,24,14.8,93,98,12,13,4.64,4.5,35.7,0.9230769230769231,False
145,"Gallardo, Yovani",2016,16,16.2,71,74,6,8,5.42,5.3,35.7,0.75,False
146,"Lester, Jon",2016,21,24.7,55,57,19,5,2.44,4.1,29.2,3.8,False
147,"Kennedy, Ian",2016,33,22.5,80,81,11,11,3.68,7.7,38.7,1.0,True
148,"Wright, Steven",2016,12,19.4,58,74,13,6,3.33,3.0,26.7,2.1666666666666665,False
149,"Scherzer, Max",2016,31,31.5,75,77,20,7,2.96,6.1,29.5,2.857142857142857,False
150,"Buchholz, Clay",2016,21,15.8,74,80,8,10,4.78,6.7,32.9,0.8,False
151,"Arrieta, Jake",2016,16,23.9,68,72,18,8,3.1,4.8,29.6,2.25,False
152,"Price, David",2016,30,24.0,102,106,17,9,3.99,6.3,33.0,1.8888888888888888,False
153,"González, Miguel",2016,11,16.8,56,61,5,8,3.73,4.0,30.9,0.625,True
154,"Griffin, A.J.",2016,28,21.0,67,68,7,4,5.07,8.6,38.7,1.75,False
155,"Cueto, Johnny",2016,15,22.5,68,71,18,5,2.79,4.4,33.2,3.6,False
156,"Happ, J.A.",2016,22,20.5,69,72,20,4,3.18,7.4,37.2,5.0,False
157,"Tomlin, Josh",2016,36,16.3,85,97,13,9,4.4,7.2,32.2,1.4444444444444444,False
158,"Pelfrey, Mike",2016,15,10.4,67,76,4,10,5.07,5.5,39.3,0.4,False
159,"Gonzalez, Gio",2016,19,22.4,90,98,11,11,4.57,5.9,33.8,1.0,False
160,"Estrada, Marco",2016,23,22.8,68,73,9,9,3.48,7.4,31.5,1.0,True
161,"Nova, Iván",2016,23,18.6,75,81,12,8,4.17,6.7,41.0,1.5,False
162,"Chacín, Jhoulys",2016,14,18.8,77,81,6,8,4.81,4.4,36.2,0.75,False
163,"Carrasco, Carlos",2016,21,25.0,54,64,11,8,3.32,5.1,37.9,1.375,False
164,"Hellickson, Jeremy",2016,24,19.9,78,86,12,10,3.71,6.9,28.4,1.2,True
165,"Niese, Jonathon",2016,25,16.1,74,77,8,7,5.5,6.4,35.8,1.1428571428571428,False
166,"Kershaw, Clayton",2016,8,31.6,28,31,12,4,1.69,4.5,27.3,3.0,False
167,"Cashner, Andrew",2016,19,19.1,77,83,5,11,5.25,7.8,40.7,0.45454545454545453,False
168,"Miley, Wade",2016,25,19.3,99,100,9,13,5.37,6.7,37.4,0.6923076923076923,False
169,"Quintana, Jose",2016,22,21.6,74,76,13,12,3.2,4.5,34.2,1.0833333333333333,True
170,"Pineda, Michael",2016,27,27.4,94,98,6,12,4.82,6.7,39.3,0.5,False
171,"Tillman, Chris",2016,19,19.6,72,73,16,6,3.77,7.8,35.3,2.6666666666666665,False
172,"Archer, Chris",2016,30,27.4,90,100,9,19,4.02,8.4,40.5,0.47368421052631576,True
173,"Gibson, Kyle",2016,20,15.9,83,89,6,11,5.07,6.1,33.5,0.5454545454545454,False
174,"Locke, Jeff",2016,17,13.0,77,81,9,8,5.44,6.5,33.4,1.125,False
175,"Samardzija, Jeff",2016,24,20.1,86,88,12,11,3.81,6.1,35.1,1.0909090909090908,True
176,"Leake, Mike",2016,20,16.5,92,101,9,12,4.69,6.2,36.8,0.75,False
177,"Santiago, Héctor",2016,33,18.3,95,100,13,10,4.7,9.3,39.3,1.3,False
178,"Anderson, Chase",2016,28,18.5,74,83,9,11,4.39,8.7,30.0,0.8181818181818182,False
179,"Peralta, Wily",2016,19,16.8,69,73,7,11,4.86,6.7,35.9,0.6363636363636364,False
180,"Nicasio, Juan",2016,15,26.9,59,64,10,7,4.5,5.0,31.6,1.4285714285714286,False
181,"Salazar, Danny",2016,16,27.6,59,61,11,6,3.87,7.8,44.1,1.8333333333333333,False
182,"Bettis, Chad",2016,22,17.0,99,107,14,8,4.79,5.6,34.9,1.75,False
183,"Bumgarner, Madison",2016,26,27.5,69,79,15,9,2.74,6.7,31.2,1.6666666666666667,False
184,"Duffy, Danny",2016,27,25.7,70,71,12,3,3.51,7.9,36.0,4.0,False
185,"Gee, Dillon",2016,24,16.2,65,67,8,9,4.68,6.2,30.1,0.8888888888888888,False
186,"Moore, Matt",2016,25,21.2,90,93,13,12,4.08,6.4,31.4,1.0833333333333333,False
187,"Nelson, Jimmy",2016,25,17.3,92,108,8,16,4.62,5.5,35.1,0.5,False
188,"Pomeranz, Drew",2016,22,26.5,63,65,11,12,3.32,7.3,34.4,0.9166666666666666,True
189,"Porcello, Rick",2016,23,21.2,78,85,22,4,3.15,7.0,35.1,5.5,False
190,"Sale, Chris",2016,27,25.7,84,88,17,10,3.34,5.7,33.3,1.7,False
191,"Pérez, Martín",2016,18,12.0,97,110,10,11,4.39,6.0,37.4,0.9090909090909091,False
192,"Teheran, Julio",2016,22,22.0,67,70,7,10,3.21,6.5,33.6,0.7,True
193,"Shoemaker, Matt",2016,18,21.4,69,71,9,13,3.88,7.0,35.0,0.6923076923076923,True
194,"Andriese, Matt",2016,17,20.7,62,64,8,8,4.37,7.2,41.2,1.0,False
195,"Chatwood, Tyler",2016,15,17.5,68,75,12,9,3.87,4.0,35.2,1.3333333333333333,True
196,"Cole, Gerrit",2016,7,19.4,50,57,7,10,3.88,3.0,31.0,0.7,True
197,"Conley, Adam",2016,13,21.3,57,59,8,6,3.85,6.2,31.6,1.3333333333333333,True
198,"DeSclafani, Anthony",2016,16,20.7,45,51,9,5,3.28,6.3,36.1,1.8,False
199,"Eovaldi, Nathan",2016,23,18.5,66,66,9,8,4.76,8.5,40.3,1.125,False
200,"Friedrich, Christian",2016,13,17.6,69,74,5,12,4.8,4.1,32.9,0.4166666666666667,False
201,"Gray, Sonny",2016,18,18.2,74,80,5,11,5.69,6.3,43.4,0.45454545454545453,False
202,"Hendricks, Kyle",2016,15,22.8,45,53,16,8,2.13,3.4,26.2,2.0,False
203,"Koehler, Tom",2016,22,19.0,85,93,9,13,4.33,6.7,33.4,0.6923076923076923,False
204,"McHugh, Collin",2016,25,22.3,89,92,13,10,4.34,4.7,28.3,1.3,False
205,"Odorizzi, Jake",2016,29,21.5,77,80,10,6,3.69,8.4,35.9,1.6666666666666667,False
206,"Roark, Tanner",2016,17,20.1,66,72,16,10,2.83,5.4,30.3,1.6,False
207,"Strasburg, Stephen",2016,15,30.6,59,59,15,4,3.6,6.0,33.6,3.75,False
208,"Bauer, Trevor",2016,20,20.7,90,96,12,8,4.26,5.7,39.7,1.5,False
209,"Iwakuma, Hisashi",2016,28,17.6,91,95,16,12,4.12,5.8,33.9,1.3333333333333333,False
210,"Tanaka, Masahiro",2016,22,20.5,68,75,14,4,3.07,4.3,36.3,3.5,False
211,"Ventura, Yordano",2016,23,17.6,92,96,11,12,4.45,7.8,38.4,0.9166666666666666,False
212,"Corbin, Patrick",2016,24,18.7,89,109,5,13,5.15,9.0,36.5,0.38461538461538464,False
213,"Fiers, Mike",2016,26,18.5,84,89,11,8,4.48,6.1,39.2,1.375,False
214,"Matz, Steven",2016,14,23.6,50,53,9,8,3.4,4.5,36.1,1.125,True
215,"Paxton, James",2016,9,22.9,51,62,6,7,3.79,4.1,41.2,0.8571428571428571,True
216,"Keuchel, Dallas",2016,20,20.5,85,88,9,12,4.55,6.9,36.9,0.75,False
217,"Straily, Dan",2016,31,20.5,80,80,14,8,3.76,7.5,35.0,1.75,False
218,"Stroman, Marcus",2016,21,19.4,99,104,9,10,4.37,4.9,41.9,0.9,False
219,"Foltynewicz, Mike",2016,18,21.1,59,61,9,5,4.31,6.2,37.0,1.8,False
220,"Gausman, Kevin",2016,28,23.0,72,76,9,12,3.61,7.2,33.7,0.75,True
221,"Gray, Jon",2016,18,26.0,86,92,10,10,4.61,6.2,34.7,1.0,False
222,"Ray, Robbie",2016,24,28.1,95,105,8,15,4.9,6.9,39.3,0.5333333333333333,False
223,"Sanchez, Aaron",2016,15,20.4,64,69,15,2,3.0,6.1,39.8,7.5,False
224,"Smyly, Drew",2016,32,22.6,95,103,7,12,4.88,6.7,31.0,0.5833333333333334,False
225,"Syndergaard, Noah",2016,11,29.3,53,61,14,9,2.6,3.5,31.8,1.5555555555555556,False
226,"Velasquez, Vince",2016,21,27.6,60,64,8,6,4.12,7.9,34.0,1.3333333333333333,False
227,"Walker, Taijuan",2016,27,20.8,63,75,8,11,4.22,9.0,36.7,0.7272727272727273,False
228,"Martinez, Carlos",2016,15,21.5,66,68,16,9,3.04,3.8,30.5,1.7777777777777777,False
229,"deGrom, Jacob",2016,15,23.7,50,53,7,8,3.04,6.4,31.8,0.875,True
230,"Eickhoff, Jerad",2016,30,20.6,80,88,11,14,3.65,5.7,35.0,0.7857142857142857,True
231,"Bradley, Archie",2016,16,22.4,79,84,8,9,5.02,5.2,37.0,0.8888888888888888,False
232,"Davies, Zach",2016,20,19.8,72,79,11,7,3.97,5.2,28.6,1.5714285714285714,False
233,"Fernández, José",2016,13,34.3,58,63,16,8,2.86,3.8,36.2,2.0,False
234,"Finnegan, Brandon",2016,29,19.8,76,86,10,11,3.98,8.0,35.5,0.9090909090909091,True
235,"Fulmer, Michael",2016,16,20.4,54,57,11,7,3.06,5.8,32.3,1.5714285714285714,False
236,"Morgan, Adam",2016,23,18.7,76,81,2,11,6.04,7.1,39.3,0.18181818181818182,False
237,"Wisler, Matt",2016,26,17.1,87,90,7,13,5.0,6.4,36.8,0.5384615384615384,False
238,"Perdomo, Luis",2016,23,15.9,93,99,9,10,5.71,5.8,40.6,0.9,False
239,"Rodón, Carlos",2016,23,23.5,74,82,9,10,4.04,4.5,35.0,0.9,True
240,"Wacha, Michael",2016,15,18.8,78,86,7,7,5.09,6.1,34.1,1.0,False
241,"Duffey, Tyler",2016,25,19.1,95,103,9,12,6.43,9.5,43.0,0.75,False
242,"Graveman, Kendall",2016,22,13.8,85,87,10,11,4.11,5.5,38.7,0.9090909090909091,False
243,"Chen, Wei-Yin",2016,22,19.2,68,69,5,5,4.96,8.4,37.2,1.0,False
244,"Maeda, Kenta",2016,20,25.0,68,72,16,11,3.48,5.4,25.5,1.4545454545454546,False
245,"Manaea, Sean",2016,20,20.9,62,65,7,9,3.86,6.8,38.9,0.7777777777777778,True
246,"Colon, Bartolo",2017,28,13.7,103,112,7,14,6.48,7.3,37.4,0.5,False
247,"Sabathia, CC",2017,21,19.3,61,64,14,5,3.69,4.0,28.9,2.8,False
248,"Dickey, R.A.",2017,26,16.7,90,99,10,10,4.26,4.3,30.8,1.0,False
249,"Lackey, John",2017,36,20.4,87,93,12,12,4.59,6.8,36.2,1.0,False
250,"Wainwright, Adam",2017,14,17.6,70,73,12,5,5.11,4.3,33.8,2.4,False
251,"Greinke, Zack",2017,25,26.8,72,80,17,7,3.2,7.4,30.9,2.4285714285714284,False
252,"Santana, Ervin",2017,31,19.4,77,85,16,8,3.28,5.9,30.1,2.0,False
253,"Cain, Matt",2017,18,13.2,75,85,3,11,5.43,6.1,36.6,0.2727272727272727,False
254,"Hamels, Cole",2017,18,17.1,69,74,11,6,4.2,5.4,36.0,1.8333333333333333,False
255,"Verlander, Justin",2017,27,25.8,77,80,15,8,3.36,7.2,35.6,1.875,False
256,"Jiménez, Ubaldo",2017,33,21.5,108,109,6,11,6.81,7.8,39.5,0.5454545454545454,False
257,"Hammel, Jason",2017,26,18.0,106,109,8,13,5.29,7.1,33.9,0.6153846153846154,False
258,"Nolasco, Ricky",2017,35,18.2,99,102,6,15,4.92,8.4,40.0,0.4,False
259,"Chavez, Jesse",2017,28,20.3,82,83,7,11,5.35,8.8,40.8,0.6363636363636364,False
260,"Kluber, Corey",2017,21,34.1,51,56,18,4,2.25,5.3,29.2,4.5,False
261,"Hill, Rich",2017,18,30.1,50,51,12,8,3.32,7.0,29.1,1.5,False
262,"Shields, James",2017,27,20.0,68,72,5,7,5.23,8.7,37.6,0.7142857142857143,False
263,"García, Jaime",2017,18,19.2,77,86,5,10,4.41,5.4,36.8,0.5,False
264,"Morton, Charlie",2017,14,26.4,59,65,14,7,3.62,4.6,29.8,2.0,False
265,"Vargas, Jason",2017,27,17.7,83,84,18,11,4.16,5.5,32.7,1.6363636363636365,False
266,"Gallardo, Yovani",2017,24,16.3,83,84,5,10,5.72,7.1,35.1,0.5,False
267,"Lester, Jon",2017,26,23.6,87,101,13,8,4.33,5.4,29.5,1.625,False
268,"Kennedy, Ian",2017,34,20.0,92,99,5,13,5.38,10.9,35.8,0.38461538461538464,False
269,"Scherzer, Max",2017,22,34.4,56,62,16,6,2.51,5.6,29.5,2.6666666666666665,False
270,"Richard, Clayton",2017,24,17.6,105,114,8,15,4.79,4.4,33.3,0.5333333333333333,False
271,"Arrieta, Jake",2017,23,23.1,66,82,14,10,3.53,5.6,33.3,1.4,False
272,"González, Miguel",2017,22,14.6,80,88,8,13,4.62,6.7,35.9,0.6153846153846154,False
273,"Cueto, Johnny",2017,22,21.0,74,77,8,8,4.52,7.3,33.6,1.0,False
274,"Happ, J.A.",2017,18,22.7,57,64,10,11,3.53,4.3,31.1,0.9090909090909091,True
275,"Lynn, Lance",2017,27,19.7,71,80,11,8,3.43,5.8,27.5,1.375,False
276,"Tomlin, Josh",2017,23,18.6,78,80,10,9,4.98,7.0,36.6,1.1111111111111112,False
277,"Pelfrey, Mike",2017,25,14.5,79,87,3,12,5.93,7.6,37.2,0.25,False
278,"Gonzalez, Gio",2017,21,22.7,66,69,15,9,2.96,4.9,27.9,1.6666666666666667,False
279,"Estrada, Marco",2017,31,21.8,103,104,10,9,4.98,7.0,30.2,1.1111111111111112,False
280,"Nova, Iván",2017,29,16.7,86,96,11,14,4.14,6.5,36.8,0.7857142857142857,False
281,"Chacín, Jhoulys",2017,19,20.0,78,82,13,10,3.89,5.7,28.4,1.3,True
282,"Carrasco, Carlos",2017,21,28.3,73,73,18,6,3.29,7.4,34.6,3.0,False
283,"Hellickson, Jeremy",2017,35,13.8,99,105,8,11,5.43,6.4,34.7,0.7272727272727273,False
284,"Kershaw, Clayton",2017,23,29.8,45,49,18,4,2.31,6.3,27.1,4.5,False
285,"Cashner, Andrew",2017,15,12.2,63,75,11,11,3.4,3.9,32.3,1.0,True
286,"Miley, Wade",2017,25,19.5,98,104,8,15,5.61,6.3,35.8,0.5333333333333333,False
287,"Garza, Matt",2017,17,15.7,63,72,6,9,4.94,4.7,31.7,0.6666666666666666,False
288,"Ramírez, JC",2017,21,16.9,68,72,11,10,4.15,6.5,34.6,1.1,False
289,"Quintana, Jose",2017,23,26.2,87,92,11,11,4.15,5.9,35.5,1.0,False
290,"Archer, Chris",2017,27,29.2,91,101,10,12,4.07,5.9,40.2,0.8333333333333334,False
291,"Gibson, Kyle",2017,24,17.5,89,93,12,10,5.07,6.9,37.9,1.2,False
292,"Cobb, Alex",2017,22,17.3,73,78,12,10,3.66,6.0,35.1,1.2,True
293,"Samardzija, Jeff",2017,30,24.2,102,107,9,15,4.42,6.3,33.8,0.6,False
294,"Leake, Mike",2017,20,16.6,81,93,10,13,3.92,5.1,36.4,0.7692307692307693,True
295,"Anderson, Chase",2017,14,23.4,43,47,12,4,2.74,4.4,26.0,3.0,False
296,"Holland, Derek",2017,31,16.6,93,106,7,14,6.2,8.2,39.5,0.5,False
297,"Peacock, Brad",2017,10,29.5,44,46,13,2,3.0,5.2,28.3,6.5,False
298,"Darvish, Yu",2017,27,27.3,80,83,10,12,3.86,6.3,31.4,0.8333333333333334,True
299,"Duffy, Danny",2017,13,21.3,62,67,9,10,3.81,5.5,31.1,0.9,True
300,"Moore, Matt",2017,27,18.7,107,116,6,15,5.52,9.0,40.3,0.4,False
301,"Nelson, Jimmy",2017,16,27.3,68,75,12,6,3.49,4.0,31.4,2.0,False
302,"Pomeranz, Drew",2017,19,23.5,64,69,17,6,3.32,6.7,35.7,2.8333333333333335,False
303,"Porcello, Rick",2017,38,20.5,105,125,11,17,4.65,8.0,35.7,0.6470588235294118,False
304,"Sale, Chris",2017,24,36.2,69,73,17,8,2.9,6.1,30.5,2.125,False
305,"Zimmermann, Jordan",2017,29,14.4,108,111,8,13,6.08,7.7,35.4,0.6153846153846154,False
306,"Pérez, Martín",2017,23,14.2,99,108,13,12,4.82,5.4,32.4,1.0833333333333333,False
307,"Teheran, Julio",2017,31,18.6,94,103,11,13,4.49,6.4,30.5,0.8461538461538461,False
308,"Adleman, Tim",2017,29,20.3,75,79,5,11,5.52,7.9,32.7,0.45454545454545453,False
309,"Ramírez, Erasmo",2017,22,20.2,64,70,5,6,4.39,7.6,35.8,0.8333333333333334,False
310,"Chatwood, Tyler",2017,20,19.0,77,79,8,15,4.69,5.6,32.1,0.5333333333333333,False
311,"Cole, Gerrit",2017,31,23.1,96,98,12,12,4.26,7.6,34.4,1.0,False
312,"Gray, Sonny",2017,19,22.6,64,79,10,12,3.55,6.2,38.6,0.8333333333333334,True
313,"Hendricks, Kyle",2017,17,21.6,47,49,7,5,3.03,4.4,29.3,1.4,False
314,"Montgomery, Mike",2017,10,18.5,49,52,7,8,3.38,3.2,28.5,0.875,True
315,"Odorizzi, Jake",2017,30,21.1,66,80,10,8,4.14,8.2,35.7,1.25,False
316,"Roark, Tanner",2017,23,21.4,94,105,13,11,4.67,5.4,33.1,1.1818181818181819,False
317,"Strasburg, Stephen",2017,13,29.1,49,55,15,4,2.52,6.1,32.0,3.75,False
318,"Bauer, Trevor",2017,25,26.2,82,84,17,9,4.19,7.8,39.2,1.8888888888888888,False
319,"Tanaka, Masahiro",2017,35,25.8,94,100,13,12,4.74,8.6,36.2,1.0833333333333333,False
320,"Ryu, Hyun Jin",2017,22,21.4,53,58,5,9,3.77,6.9,31.6,0.5555555555555556,True
321,"Ureña, José",2017,26,15.6,72,77,14,7,3.82,8.6,30.9,2.0,False
322,"Boyd, Matthew",2017,18,18.2,79,84,6,11,5.27,5.9,30.3,0.5454545454545454,False
323,"Corbin, Patrick",2017,26,21.5,85,97,14,13,4.03,6.7,35.6,1.0769230769230769,True
324,"Fiers, Mike",2017,32,21.8,89,95,8,10,5.22,8.0,32.8,0.8,False
325,"Paxton, James",2017,9,28.3,45,47,12,5,2.98,2.8,31.3,2.4,False
326,"Keuchel, Dallas",2017,15,21.4,47,50,14,5,2.9,5.1,32.8,2.8,False
327,"Straily, Dan",2017,31,22.1,86,90,10,9,4.26,6.9,29.2,1.1111111111111112,False
328,"Stroman, Marcus",2017,21,19.7,69,82,13,9,3.09,5.0,38.6,1.4444444444444444,False
329,"Foltynewicz, Mike",2017,20,20.7,82,86,10,13,4.79,5.4,32.9,0.7692307692307693,False
330,"Gausman, Kevin",2017,29,21.9,97,99,11,12,4.68,8.2,33.7,0.9166666666666666,False
331,"Ray, Robbie",2017,23,32.8,52,57,15,5,2.89,6.2,41.0,3.0,False
332,"Taillon, Jameson",2017,11,21.3,66,69,8,7,4.44,4.1,31.2,1.1428571428571428,False
333,"Walker, Taijuan",2017,17,21.4,61,76,9,9,3.49,5.1,34.5,1.0,True
334,"Williams, Trevor",2017,14,18.2,68,73,7,9,4.07,5.2,29.4,0.7777777777777778,False
335,"Martinez, Carlos",2017,27,25.3,83,93,12,11,3.64,4.8,33.3,1.0909090909090908,True
336,"Rodriguez, Eduardo",2017,19,25.8,64,66,6,7,4.19,7.7,31.3,0.8571428571428571,False
337,"deGrom, Jacob",2017,28,28.9,79,87,15,10,3.53,5.9,28.8,1.5,False
338,"Eickhoff, Jerad",2017,16,20.5,67,74,4,8,4.71,6.3,34.6,0.5,False
339,"Pivetta, Nick",2017,25,24.0,89,91,8,10,6.02,7.3,37.2,0.8,False
340,"Bundy, Dylan",2017,26,21.8,80,82,13,9,4.24,7.8,36.5,1.4444444444444444,False
341,"Cotton, Jharel",2017,28,18.6,80,91,9,10,5.58,6.0,30.9,0.9,False
342,"Davies, Zach",2017,20,15.2,83,90,17,9,3.9,4.0,31.1,1.8888888888888888,False
343,"Fulmer, Michael",2017,13,16.9,70,80,10,12,3.83,4.9,29.4,0.8333333333333334,True
344,"Nola, Aaron",2017,18,26.6,66,67,12,11,3.54,5.0,31.0,1.0909090909090908,True
345,"Snell, Blake",2017,15,21.8,58,65,5,7,4.04,4.3,30.0,0.7142857142857143,True
346,"Perdomo, Luis",2017,17,16.5,85,97,8,11,4.67,5.0,36.4,0.7272727272727273,False
347,"Montero, Rafael",2017,12,20.7,73,75,5,11,5.52,4.1,25.3,0.45454545454545453,False
348,"Gsellman, Robert",2017,17,14.9,69,85,8,7,5.19,5.0,32.5,1.1428571428571428,False
349,"Biagini, Joe",2017,15,18.8,71,78,3,13,5.34,5.3,31.2,0.23076923076923078,False
350,"Freeland, Kyle",2017,17,15.6,71,78,11,11,4.1,4.3,33.6,1.0,False
351,"Wacha, Michael",2017,17,22.5,76,82,12,9,4.13,5.6,30.1,1.3333333333333333,False
352,"Márquez, Germán",2017,25,21.0,79,82,11,7,4.39,7.1,36.0,1.5714285714285714,False
353,"McCullers Jr., Lance",2017,8,25.8,56,61,7,4,4.25,4.6,32.8,1.75,False
354,"Berríos, José",2017,15,22.6,63,71,14,8,3.89,5.0,29.1,1.75,False
355,"Blach, Ty",2017,17,10.5,87,91,8,12,4.78,3.7,33.0,0.6666666666666666,False
356,"Wood, Alex",2017,15,24.6,46,50,16,3,2.72,5.0,28.0,5.333333333333333,False
357,"Senzatela, Antonio",2017,18,18.1,70,72,10,5,4.68,5.4,34.5,2.0,False
358,"Severino, Luis",2017,21,29.4,64,73,14,6,2.98,6.1,33.5,2.3333333333333335,False
359,"Maeda, Kenta",2017,22,25.1,63,68,13,6,4.22,4.8,28.4,2.1666666666666665,False
360,"Manaea, Sean",2017,18,20.3,77,88,12,10,4.37,5.8,41.2,1.2,False
361,"Kuhl, Chad",2017,17,20.9,76,81,8,11,4.35,5.7,38.6,0.7272727272727273,False
362,"Godley, Zack",2017,15,26.3,58,61,8,9,3.37,6.4,38.7,0.8888888888888888,True
363,"Montgomery, Jordan",2017,21,22.2,67,72,9,7,3.88,6.2,31.6,1.2857142857142858,True
364,"Miranda, Aríel",2017,37,20.2,91,93,8,7,5.12,9.5,34.0,1.1428571428571428,False
365,"Colon, Bartolo",2018,32,12.9,94,97,7,12,5.78,7.5,40.8,0.5833333333333334,False
366,"Sabathia, CC",2018,19,21.1,62,72,9,7,3.65,5.2,26.6,1.2857142857142858,True
367,"Greinke, Zack",2018,28,23.7,74,77,15,11,3.21,6.4,33.5,1.3636363636363635,True
368,"Hamels, Cole",2018,29,23.4,80,93,9,12,3.78,7.5,35.9,0.75,True
369,"Hernández, Félix",2018,27,18.3,96,107,8,14,5.55,8.4,38.5,0.5714285714285714,False
370,"Verlander, Justin",2018,28,34.8,60,63,16,9,2.52,6.2,32.7,1.7777777777777777,False
371,"Liriano, Francisco",2018,19,18.8,68,84,5,12,4.58,7.5,32.2,0.4166666666666667,False
372,"Hammel, Jason",2018,18,15.8,85,91,4,14,6.02,8.3,39.5,0.2857142857142857,False
373,"Sánchez, Aníbal",2018,15,24.4,43,48,7,6,2.83,5.1,26.3,1.1666666666666667,True
374,"Kluber, Corey",2018,25,26.4,69,75,20,7,2.89,6.3,34.5,2.857142857142857,False
375,"Hill, Rich",2018,20,27.4,54,57,11,5,3.66,7.8,36.2,2.2,False
376,"Shields, James",2018,34,17.7,103,115,7,16,4.53,8.3,35.6,0.4375,False
377,"Guerra, Junior",2018,19,22.3,64,74,6,9,4.09,6.7,38.8,0.6666666666666666,False
378,"Morton, Charlie",2018,18,28.9,58,63,15,3,3.13,5.8,31.0,5.0,False
379,"Lester, Jon",2018,24,19.6,67,75,18,6,3.32,6.6,35.4,3.0,False
380,"Kennedy, Ian",2018,20,20.3,62,66,3,9,4.66,8.9,37.1,0.3333333333333333,False
381,"LeBlanc, Wade",2018,24,19.6,67,74,9,5,3.72,9.0,34.6,1.8,False
382,"Scherzer, Max",2018,23,34.6,62,66,18,7,2.53,6.6,31.7,2.5714285714285716,False
383,"Richard, Clayton",2018,19,15.8,94,98,7,11,5.33,6.2,40.5,0.6363636363636364,False
384,"Arrieta, Jake",2018,21,19.1,76,93,10,11,3.96,5.6,31.7,0.9090909090909091,True
385,"Price, David",2018,25,24.5,70,75,16,7,3.58,7.0,35.7,2.2857142857142856,False
386,"Happ, J.A.",2018,27,26.4,72,81,17,6,3.65,8.8,34.0,2.8333333333333335,False
387,"Lynn, Lance",2018,14,23.0,83,87,10,10,4.77,4.2,37.1,1.0,False
388,"Gonzalez, Gio",2018,17,19.8,80,84,10,11,4.21,5.8,34.5,0.9090909090909091,False
389,"Estrada, Marco",2018,29,16.4,90,91,7,14,5.64,9.3,33.3,0.5,False
390,"Nova, Iván",2018,26,16.7,75,82,9,9,4.19,7.9,38.7,1.0,False
391,"Chacín, Jhoulys",2018,18,19.6,75,83,15,8,3.5,6.5,37.8,1.875,False
392,"Carrasco, Carlos",2018,21,29.5,72,78,17,10,3.38,6.0,39.1,1.7,False
393,"Ross, Tyson",2018,17,19.2,69,73,8,9,4.15,6.1,35.2,0.8888888888888888,False
394,"Kershaw, Clayton",2018,17,23.9,49,55,9,5,2.73,5.4,35.4,1.8,False
395,"Cashner, Andrew",2018,25,14.5,90,97,4,15,5.29,7.2,35.8,0.26666666666666666,False
396,"Quintana, Jose",2018,25,21.4,78,81,13,11,4.03,6.1,37.6,1.1818181818181819,True
397,"Minor, Mike",2018,25,20.6,73,76,12,8,4.18,10.8,35.3,1.5,False
398,"Archer, Chris",2018,19,25.4,71,77,6,8,4.31,6.4,38.7,0.75,False
399,"Gibson, Kyle",2018,23,21.7,79,88,10,13,3.62,5.7,36.4,0.7692307692307693,True
400,"Cobb, Alex",2018,24,15.4,83,93,5,15,4.9,7.8,40.6,0.3333333333333333,False
401,"Leake, Mike",2018,23,15.2,90,98,10,10,4.36,6.7,39.6,1.0,False
402,"Anderson, Chase",2018,30,19.9,69,71,9,8,3.93,8.8,30.8,1.125,True
403,"Holland, Derek",2018,19,23.2,68,74,7,9,3.57,6.6,35.4,0.7777777777777778,True
404,"Bettis, Chad",2018,18,15.4,67,72,5,2,5.01,7.3,38.6,2.5,False
405,"Bumgarner, Madison",2018,14,19.8,47,51,6,7,3.26,8.4,35.5,0.8571428571428571,True
406,"Duffy, Danny",2018,23,20.4,84,86,8,12,4.88,7.3,37.3,0.6666666666666666,False
407,"Harvey, Matt",2018,27,19.8,85,87,7,9,4.94,8.0,40.0,0.7777777777777778,False
408,"Porcello, Rick",2018,27,23.5,91,97,17,7,4.28,7.0,35.7,2.4285714285714284,False
409,"Sale, Chris",2018,11,38.4,37,39,12,4,2.11,7.5,26.8,3.0,False
410,"Zimmermann, Jordan",2018,28,20.0,66,76,7,8,4.52,9.6,38.4,0.875,False
411,"Teheran, Julio",2018,26,22.4,77,80,9,9,3.94,7.2,36.7,1.0,True
412,"Anderson, Tyler",2018,30,22.3,89,94,7,9,4.55,5.7,31.4,0.7777777777777778,False
413,"Cole, Gerrit",2018,19,34.5,64,68,15,5,2.88,6.2,39.8,3.0,False
414,"Gaviglio, Sam",2018,21,19.2,73,77,3,10,5.31,6.7,40.4,0.3,False
415,"Gray, Sonny",2018,14,21.1,71,73,11,9,4.9,6.3,39.5,1.2222222222222223,False
416,"Hendricks, Kyle",2018,22,19.8,76,82,14,11,3.44,5.7,30.8,1.2727272727272727,True
417,"Montgomery, Mike",2018,10,16.1,55,58,5,6,3.99,3.7,38.7,0.8333333333333334,True
418,"Odorizzi, Jake",2018,20,22.8,82,89,7,10,4.49,7.4,39.0,0.7,False
419,"Roark, Tanner",2018,24,19.2,87,90,9,15,4.34,6.0,33.6,0.6,False
420,"Strasburg, Stephen",2018,18,28.7,54,59,10,7,3.74,7.3,38.9,1.4285714285714286,False
421,"Bauer, Trevor",2018,9,30.8,43,51,12,6,2.21,4.4,29.1,2.0,False
422,"Tanaka, Masahiro",2018,25,25.0,65,68,12,6,3.75,7.1,38.1,2.0,False
423,"Stripling, Ross",2018,18,27.0,41,42,8,6,3.02,5.8,31.7,1.3333333333333333,True
424,"Wheeler, Zack",2018,14,24.1,67,69,12,7,3.31,4.8,27.1,1.7142857142857142,False
425,"Ureña, José",2018,19,18.3,77,78,9,12,3.98,6.2,36.2,0.75,True
426,"Boyd, Matthew",2018,27,22.4,83,87,9,13,4.39,6.1,32.3,0.6923076923076923,False
427,"Corbin, Patrick",2018,15,30.8,70,70,11,7,3.15,5.8,35.6,1.5714285714285714,False
428,"Fiers, Mike",2018,32,19.5,68,71,12,8,3.56,10.4,37.4,1.5,False
429,"Heaney, Andrew",2018,27,24.0,83,91,9,10,4.15,7.8,37.2,0.9,False
430,"Matz, Steven",2018,25,23.2,68,77,5,11,3.97,7.4,36.6,0.45454545454545453,True
431,"Mikolas, Miles",2018,16,18.1,63,70,18,4,2.83,5.1,29.4,4.5,False
432,"Paxton, James",2018,23,32.2,67,67,11,6,3.76,9.4,42.1,1.8333333333333333,False
433,"Skaggs, Tyler",2018,14,24.2,56,60,8,10,4.02,6.1,38.7,0.8,True
434,"Keuchel, Dallas",2018,18,17.5,85,92,12,11,3.74,4.5,33.0,1.0909090909090908,True
435,"Straily, Dan",2018,20,19.1,56,62,5,6,4.12,7.5,41.4,0.8333333333333334,False
436,"Covey, Dylan",2018,13,16.8,70,81,5,14,5.18,5.3,37.3,0.35714285714285715,False
437,"Foltynewicz, Mike",2018,17,27.2,58,65,13,10,2.85,6.9,34.5,1.3,True
438,"Gausman, Kevin",2018,26,19.1,80,85,10,11,3.92,7.4,40.8,0.9090909090909091,True
439,"Gray, Jon",2018,27,24.7,98,102,12,9,5.12,5.8,37.9,1.3333333333333333,False
440,"Ray, Robbie",2018,19,31.4,54,55,6,2,3.93,8.7,41.6,3.0,False
441,"Syndergaard, Noah",2018,9,24.1,52,55,13,4,3.03,2.0,26.6,3.25,False
442,"Taillon, Jameson",2018,20,22.8,68,69,14,10,3.2,4.3,31.9,1.4,False
443,"Velasquez, Vince",2018,16,25.6,79,83,9,12,4.85,5.2,34.8,0.75,False
444,"Williams, Trevor",2018,15,18.0,59,64,14,10,3.11,5.8,31.0,1.4,False
445,"Martinez, Carlos",2018,5,22.5,41,48,8,6,3.11,3.9,31.5,1.3333333333333333,True
446,"Rodriguez, Eduardo",2018,16,26.4,55,56,13,5,3.82,6.7,33.0,2.6,False
447,"deGrom, Jacob",2018,10,32.2,41,48,10,9,1.7,4.1,28.9,1.1111111111111112,True
448,"Gonzales, Marco",2018,17,21.1,74,76,13,9,4.0,5.4,35.0,1.4444444444444444,False
449,"Junis, Jakob",2018,32,21.6,86,94,9,12,4.37,8.6,35.6,0.75,False
450,"Weaver, Luke",2018,19,19.9,75,83,7,11,4.95,6.3,35.0,0.6363636363636364,False
451,"Pivetta, Nick",2018,24,27.1,87,91,7,14,4.77,7.8,34.9,0.5,False
452,"Bundy, Dylan",2018,41,24.5,104,116,8,16,5.45,8.5,37.4,0.5,False
453,"Clevinger, Mike",2018,21,25.6,67,71,13,8,3.02,5.6,31.8,1.625,False
454,"Fulmer, Michael",2018,19,19.7,69,75,3,12,4.69,6.5,38.2,0.25,False
455,"Nola, Aaron",2018,17,27.0,56,57,17,6,2.37,4.6,31.2,2.8333333333333335,False
456,"Snell, Blake",2018,16,31.6,38,41,21,5,1.89,7.2,32.7,4.2,False
457,"Suárez, Andrew",2018,23,19.5,80,85,7,13,4.49,7.6,38.1,0.5384615384615384,False
458,"Rodón, Carlos",2018,15,17.6,56,61,6,8,4.18,5.1,34.3,0.75,False
459,"Romano, Sal",2018,23,16.3,86,92,8,11,5.31,8.1,34.2,0.7272727272727273,False
460,"Freeland, Kyle",2018,17,20.5,64,64,17,7,2.85,5.0,29.2,2.4285714285714284,False
461,"Giolito, Lucas",2018,27,16.1,118,123,10,13,6.13,7.0,37.1,0.7692307692307693,False
462,"Márquez, Germán",2018,24,28.2,82,90,14,11,3.77,5.6,39.1,1.2727272727272727,True
463,"Stratton, Chris",2018,19,17.9,82,87,10,10,5.09,7.0,38.8,1.0,False
464,"Chen, Wei-Yin",2018,19,19.4,71,75,6,12,4.79,5.3,31.5,0.5,False
465,"Eflin, Zach",2018,16,22.4,62,69,11,8,4.36,5.7,33.2,1.375,False
466,"Buehler, Walker",2018,12,27.9,40,43,8,5,2.62,4.3,32.0,1.6,False
467,"McCullers Jr., Lance",2018,12,26.9,55,60,10,6,3.86,8.2,35.1,1.6666666666666667,False
468,"Berríos, José",2018,25,25.3,82,83,12,11,3.84,6.0,34.4,1.0909090909090908,True
469,"Blach, Ty",2018,8,14.6,56,62,6,7,4.25,4.8,35.7,0.8571428571428571,False
470,"Wood, Alex",2018,14,21.2,62,70,9,7,3.68,4.6,33.7,1.2857142857142858,True
471,"Castillo, Luis",2018,28,23.3,81,89,10,12,4.3,8.8,39.5,0.8333333333333334,False
472,"Severino, Luis",2018,19,28.2,72,76,19,8,3.39,7.7,34.7,2.375,False
473,"López, Reynaldo",2018,25,18.9,82,88,7,10,3.91,7.3,36.1,0.7,True
474,"Maeda, Kenta",2018,13,28.8,53,58,8,10,3.81,5.7,32.3,0.8,True
475,"Manaea, Sean",2018,21,16.5,64,67,12,9,3.59,7.9,39.7,1.3333333333333333,True
476,"Keller, Brad",2018,7,16.5,48,50,9,6,3.08,4.6,31.6,1.5,False
477,"Lauer, Eric",2018,15,19.8,54,61,6,7,4.34,6.0,35.2,0.8571428571428571,False
478,"Mahle, Tyler",2018,22,21.7,62,68,7,9,4.98,9.1,40.3,0.7777777777777778,False
479,"Yarbrough, Ryan",2018,18,20.4,64,70,16,6,3.91,6.3,26.9,2.6666666666666665,False
480,"Barria, Jaime",2018,17,18.2,49,50,10,9,3.41,7.3,33.2,1.1111111111111112,True
481,"Godley, Zack",2018,16,23.4,94,103,15,11,4.74,6.4,38.8,1.3636363636363635,False
482,"Flaherty, Jack",2018,20,29.6,56,59,8,9,3.34,6.6,34.7,0.8888888888888888,True
483,"Newcomb, Sean",2018,18,23.0,71,74,12,9,3.9,4.2,31.9,1.3333333333333333,True
484,"Lucchesi, Joey",2018,23,26.5,59,63,8,9,4.08,8.7,40.5,0.8888888888888888,False
485,"Richards, Trevor",2018,15,23.8,62,65,4,9,4.42,6.1,36.3,0.4444444444444444,False
486,"Wainwright, Adam",2019,22,20.5,80,83,14,10,4.19,6.5,39.2,1.4,False
487,"Greinke, Zack",2019,21,23.1,68,73,18,5,2.93,6.3,33.3,3.6,False
488,"Hamels, Cole",2019,17,23.2,60,64,7,7,3.81,7.6,41.3,1.0,True
489,"Verlander, Justin",2019,36,35.4,64,66,21,6,2.58,7.2,33.3,3.5,False
490,"Sánchez, Aníbal",2019,22,18.8,71,77,11,8,3.85,6.6,28.3,1.375,False
491,"Morton, Charlie",2019,15,30.4,66,71,16,6,3.05,5.0,32.8,2.6666666666666665,False
492,"Vargas, Jason",2019,21,19.1,75,84,7,9,4.51,7.9,33.8,0.7777777777777778,False
493,"Lester, Jon",2019,26,21.6,85,101,13,10,4.46,7.4,34.7,1.3,False
494,"LeBlanc, Wade",2019,28,17.3,77,80,6,7,5.71,7.8,39.0,0.8571428571428571,False
495,"Scherzer, Max",2019,18,35.1,56,59,11,7,2.92,6.6,35.5,1.5714285714285714,False
496,"Arrieta, Jake",2019,21,18.5,70,76,8,8,4.64,6.8,37.6,1.0,False
497,"Bailey, Homer",2019,21,21.4,83,84,13,9,4.57,5.7,39.5,1.4444444444444444,False
498,"Happ, J.A.",2019,34,20.6,88,88,12,8,4.91,8.3,37.5,1.5,False
499,"Lynn, Lance",2019,21,28.1,85,89,16,11,3.67,5.9,33.8,1.4545454545454546,False
500,"Nova, Iván",2019,30,14.1,98,107,11,12,4.72,7.2,38.4,0.9166666666666666,False
501,"Anderson, Brett",2019,20,12.1,76,80,13,9,3.89,7.3,40.0,1.4444444444444444,False
502,"Kershaw, Clayton",2019,28,26.8,60,63,16,5,3.03,6.6,34.1,3.2,False
503,"Cashner, Andrew",2019,19,17.0,78,84,11,8,4.68,7.7,41.0,1.375,False
504,"Miley, Wade",2019,23,19.4,74,83,14,6,3.98,4.3,32.5,2.3333333333333335,False
505,"Quintana, Jose",2019,20,20.4,89,100,13,9,4.68,5.7,37.9,1.4444444444444444,False
506,"Pineda, Michael",2019,23,23.3,65,68,11,5,4.01,7.3,37.4,2.2,False
507,"Minor, Mike",2019,30,23.2,83,86,14,10,3.59,7.0,30.4,1.4,False
508,"Archer, Chris",2019,25,27.2,69,73,3,9,5.19,10.5,39.5,0.3333333333333333,False
509,"Gibson, Kyle",2019,23,22.7,86,99,13,7,4.84,7.5,37.8,1.8571428571428572,False
510,"Samardzija, Jeff",2019,28,18.9,71,78,11,12,3.52,8.3,37.7,0.9166666666666666,True
511,"Leake, Mike",2019,41,15.2,94,114,12,11,4.29,8.8,42.9,1.0909090909090908,False
512,"Anderson, Chase",2019,23,20.9,65,67,8,4,4.21,6.3,32.9,2.0,False
513,"Darvish, Yu",2019,33,31.3,79,82,6,8,3.98,7.4,37.5,0.75,True
514,"Bumgarner, Madison",2019,30,24.1,90,99,9,9,3.9,9.0,41.8,1.0,True
515,"Duffy, Danny",2019,21,20.7,63,69,7,6,4.34,7.5,37.8,1.1666666666666667,False
516,"Kelly, Merrill",2019,29,20.3,90,95,13,14,4.42,9.5,40.0,0.9285714285714286,False
517,"Porcello, Rick",2019,31,18.6,107,114,14,12,5.52,9.6,37.7,1.1666666666666667,False
518,"Sale, Chris",2019,24,35.6,72,80,6,11,4.4,8.1,36.3,0.5454545454545454,False
519,"Zimmermann, Jordan",2019,19,16.3,86,89,1,13,6.91,9.5,38.4,0.07692307692307693,False
520,"Pérez, Martín",2019,23,18.3,94,104,10,7,5.12,5.3,29.7,1.4285714285714286,False
521,"Teheran, Julio",2019,22,21.5,74,81,10,11,3.81,6.9,35.4,0.9090909090909091,True
522,"Cole, Gerrit",2019,29,39.9,59,66,20,5,2.5,5.9,35.5,4.0,False
523,"DeSclafani, Anthony",2019,29,24.0,72,77,9,9,3.89,7.1,38.7,1.0,True
524,"Gray, Sonny",2019,17,29.0,56,59,11,8,2.87,6.8,33.3,1.375,False
525,"Hendricks, Kyle",2019,19,20.5,68,78,11,10,3.46,5.4,31.5,1.1,True
526,"Lyles, Jordan",2019,25,24.4,65,72,12,8,4.15,8.1,41.3,1.5,False
527,"Odorizzi, Jake",2019,16,27.1,62,65,15,7,3.51,7.8,36.2,2.142857142857143,False
528,"Roark, Tanner",2019,28,21.9,80,84,10,10,4.35,8.4,37.3,1.0,False
529,"Strasburg, Stephen",2019,24,29.8,77,79,18,6,3.32,6.1,33.8,3.0,False
530,"Bauer, Trevor",2019,34,27.8,106,118,11,13,4.48,8.6,37.7,0.8461538461538461,False
531,"Tanaka, Masahiro",2019,28,19.6,90,95,11,9,4.45,6.2,37.9,1.2222222222222223,False
532,"Ryu, Hyun Jin",2019,17,22.5,47,53,14,5,2.32,4.7,30.8,2.8,False
533,"Wheeler, Zack",2019,22,23.6,86,93,11,8,3.96,5.3,32.4,1.375,False
534,"Boyd, Matthew",2019,39,30.2,94,101,9,12,4.56,9.0,35.3,0.75,False
535,"Corbin, Patrick",2019,24,28.5,73,81,14,7,3.25,9.4,38.7,2.0,False
536,"Fiers, Mike",2019,30,16.7,80,82,15,4,3.9,7.2,38.3,3.75,False
537,"Matz, Steven",2019,27,22.1,75,83,11,10,4.21,8.6,38.6,1.1,False
538,"Mikolas, Miles",2019,27,18.8,85,90,9,14,4.16,6.1,36.6,0.6428571428571429,False
539,"Paxton, James",2019,23,29.4,64,71,15,6,3.82,7.4,38.5,2.5,False
540,"Stroman, Marcus",2019,18,20.5,66,77,10,13,3.22,4.1,35.6,0.7692307692307693,True
541,"Kikuchi, Yusei",2019,36,16.1,98,109,6,11,5.46,7.7,39.1,0.5454545454545454,False
542,"Gray, Jon",2019,19,23.5,64,70,11,8,3.84,5.9,43.8,1.375,False
543,"Ray, Robbie",2019,30,31.5,84,91,12,8,4.34,10.7,38.6,1.5,False
544,"Sampson, Adrian",2019,29,17.9,82,86,6,8,5.89,10.1,47.2,0.75,False
545,"Sanchez, Aaron",2019,20,19.0,86,92,5,14,5.89,7.6,42.2,0.35714285714285715,False
546,"Smith, Caleb",2019,33,26.0,77,82,10,11,4.52,10.9,35.9,0.9090909090909091,False
547,"Smyly, Drew",2019,32,23.3,79,83,4,7,6.24,9.8,38.6,0.5714285714285714,False
548,"Syndergaard, Noah",2019,24,24.5,94,101,10,8,4.28,4.9,31.2,1.25,False
549,"Velasquez, Vince",2019,26,25.2,64,69,7,8,4.91,10.2,40.1,0.875,False
550,"Williams, Trevor",2019,27,17.8,87,93,7,9,5.38,8.3,35.6,0.7777777777777778,False
551,"Germán, Domingo",2019,30,25.8,64,69,18,4,4.03,8.8,40.1,4.5,False
552,"Rodriguez, Eduardo",2019,24,24.8,86,88,19,6,3.81,5.9,29.4,3.1666666666666665,False
553,"deGrom, Jacob",2019,19,31.7,55,59,11,8,2.43,4.8,30.8,1.375,False
554,"Gonzales, Marco",2019,23,17.0,90,106,16,13,3.99,4.9,35.2,1.2307692307692308,True
555,"Beede, Tyler",2019,22,21.6,66,70,5,10,5.08,8.4,44.3,0.5,False
556,"Junis, Jakob",2019,31,21.3,102,108,9,14,5.24,8.6,41.2,0.6428571428571429,False
557,"Norris, Daniel",2019,25,20.5,72,75,3,13,4.49,8.8,43.3,0.23076923076923078,False
558,"Bassitt, Chris",2019,21,23.0,61,66,10,5,3.81,4.9,31.7,2.0,False
559,"Bundy, Dylan",2019,29,23.1,86,95,7,14,4.79,5.9,31.9,0.5,False
560,"Davies, Zach",2019,20,15.2,63,73,10,7,3.55,7.2,33.3,1.4285714285714286,False
561,"López, Jorge",2019,27,19.9,87,94,4,9,6.33,11.9,40.6,0.4444444444444444,False
562,"Musgrove, Joe",2019,21,21.9,84,98,11,12,4.44,6.4,38.7,0.9166666666666666,False
563,"Nola, Aaron",2019,27,26.9,87,91,12,7,3.87,6.8,39.5,1.7142857142857142,False
564,"Turnbull, Spencer",2019,14,22.3,76,86,3,17,4.61,6.7,40.7,0.17647058823529413,False
565,"Means, John",2019,23,19.0,62,68,12,11,3.6,6.8,30.7,1.0909090909090908,True
566,"Fried, Max",2019,21,24.6,74,80,17,6,4.02,4.4,39.1,2.8333333333333335,False
567,"Giolito, Lucas",2019,24,32.3,67,69,14,9,3.41,9.4,34.6,1.5555555555555556,False
568,"Wacha, Michael",2019,26,18.5,67,71,6,7,4.76,7.8,35.5,0.8571428571428571,False
569,"Márquez, Germán",2019,29,24.3,92,96,12,5,4.76,7.9,43.1,2.4,False
570,"Eflin, Zach",2019,28,18.3,75,88,10,13,4.13,6.9,32.8,0.7692307692307693,False
571,"Buehler, Walker",2019,20,29.2,66,77,14,4,3.26,5.4,36.4,3.5,False
572,"Berríos, José",2019,26,23.2,82,94,14,8,3.68,6.5,32.0,1.75,False
573,"Castillo, Luis",2019,22,29.0,72,76,15,8,3.4,5.1,33.6,1.875,False
574,"Senzatela, Antonio",2019,19,13.1,93,99,11,11,6.71,6.1,44.0,1.0,False
575,"López, Reynaldo",2019,35,20.9,110,119,10,15,5.38,7.6,38.3,0.6666666666666666,False
576,"Maeda, Kenta",2019,22,27.1,69,70,10,8,4.04,5.5,28.7,1.25,True
577,"Chirinos, Yonny",2019,23,21.5,57,61,9,5,3.85,8.8,33.8,1.8,False
578,"Hudson, Dakota",2019,22,18.0,65,80,16,7,3.35,6.8,38.8,2.2857142857142856,False
579,"Keller, Brad",2019,15,17.2,77,80,7,14,4.19,5.9,38.6,0.5,False
580,"Lauer, Eric",2019,20,21.2,74,82,8,10,4.45,5.9,39.4,0.8,False
581,"Mahle, Tyler",2019,25,23.2,74,82,3,12,5.14,7.5,37.6,0.25,False
582,"Sparkman, Glenn",2019,30,13.4,91,96,4,11,6.02,7.7,41.8,0.36363636363636365,False
583,"Yarbrough, Ryan",2019,15,20.8,65,69,11,6,4.13,7.0,26.2,1.8333333333333333,False
584,"Jurado, Ariel",2019,21,15.0,79,94,7,11,5.81,10.0,43.1,0.6363636363636364,False
585,"Brault, Steven",2019,15,19.8,65,69,4,6,5.16,6.1,38.7,0.6666666666666666,False
586,"Alcantara, Sandy",2019,23,18.0,85,94,6,14,3.88,6.5,34.3,0.42857142857142855,True
587,"Soroka, Michael",2019,14,20.3,52,56,13,4,2.68,5.1,37.5,3.25,False
588,"Flaherty, Jack",2019,25,29.9,60,62,11,8,2.75,6.9,30.3,1.375,False
589,"Thornton, Trent",2019,24,22.0,83,87,6,9,4.84,7.4,37.0,0.6666666666666666,False
590,"Paddack, Chris",2019,23,26.9,52,58,9,7,3.33,7.1,32.5,1.2857142857142858,True
591,"Lucchesi, Joey",2019,23,23.0,76,78,10,10,4.18,7.2,36.4,1.0,False
592,"Bieber, Shane",2019,31,30.2,78,86,15,8,3.28,8.5,43.3,1.875,False
593,"Richards, Trevor",2019,19,21.9,61,63,6,12,4.06,6.4,34.7,0.5,False
594,"Wainwright, Adam",2020,9,20.6,23,25,5,3,3.15,6.3,36.6,1.6666666666666667,False
595,"Greinke, Zack",2020,6,24.5,30,30,3,3,4.03,8.2,35.2,1.0,True
596,"Sánchez, Aníbal",2020,11,17.6,39,40,4,5,6.62,9.4,37.6,0.8,False
597,"Lester, Jon",2020,11,15.8,35,35,3,3,5.16,12.3,38.9,1.0,False
598,"Scherzer, Max",2020,10,31.2,28,30,5,4,3.74,8.4,36.3,1.25,True
599,"Arrieta, Jake",2020,6,16.8,25,25,4,4,5.08,7.8,38.3,1.0,False
600,"Cueto, Johnny",2020,9,20.2,38,41,2,3,5.4,5.7,33.9,0.6666666666666666,False
601,"Happ, J.A.",2020,8,21.4,19,19,2,2,3.47,5.1,34.3,1.0,True
602,"Lindblom, Josh",2020,6,27.2,26,26,2,4,5.16,5.0,32.5,0.5,False
603,"Lynn, Lance",2020,13,25.9,31,34,6,3,3.32,5.4,37.5,2.0,False
604,"Carrasco, Carlos",2020,8,29.3,22,22,3,4,2.91,8.3,34.9,0.75,True
605,"Anderson, Brett",2020,6,15.8,22,24,4,4,4.21,6.4,48.1,1.0,False
606,"Kershaw, Clayton",2020,8,28.1,14,18,6,2,2.16,8.0,34.0,3.0,False
607,"Minor, Mike",2020,11,25.9,35,36,1,6,5.56,10.3,40.4,0.16666666666666666,False
608,"Gibson, Kyle",2020,12,19.3,40,44,2,6,5.35,7.2,39.6,0.3333333333333333,False
609,"Cobb, Alex",2020,8,16.8,25,27,2,5,4.3,9.5,48.2,0.4,False
610,"Darvish, Yu",2020,5,31.3,17,18,8,3,2.01,6.4,34.2,2.6666666666666665,False
611,"Bumgarner, Madison",2020,13,15.8,30,31,1,4,6.48,14.9,40.4,0.25,False
612,"Duffy, Danny",2020,10,23.6,31,33,4,4,4.95,7.5,36.0,1.0,False
613,"Porcello, Rick",2020,5,20.7,37,41,1,7,5.64,8.4,36.8,0.14285714285714285,False
614,"Pérez, Martín",2020,8,17.6,31,33,3,5,4.5,7.6,29.2,0.6,False
615,"Anderson, Tyler",2020,5,15.8,29,32,4,3,4.37,5.8,31.1,1.3333333333333333,False
616,"Cole, Gerrit",2020,14,32.6,23,27,7,3,2.84,9.1,44.6,2.3333333333333335,False
617,"Eovaldi, Nathan",2020,8,26.1,20,20,4,2,3.72,8.8,39.7,2.0,False
618,"Gray, Sonny",2020,4,30.6,23,26,5,3,3.7,3.7,32.6,1.6666666666666667,False
619,"Hendricks, Kyle",2020,10,20.3,26,26,6,5,2.88,4.5,32.0,1.2,True
620,"Lyles, Jordan",2020,12,13.5,45,49,1,6,7.02,7.8,42.0,0.16666666666666666,False
621,"Roark, Tanner",2020,14,18.6,36,39,2,3,6.8,13.0,42.9,0.6666666666666666,False
622,"Bauer, Trevor",2020,9,36.0,14,17,5,4,1.73,6.3,38.0,1.25,True
623,"Tanaka, Masahiro",2020,9,22.3,19,25,3,3,3.56,9.1,37.1,1.0,True
624,"Ryu, Hyun Jin",2020,6,26.2,20,22,5,2,2.69,3.2,29.2,2.5,False
625,"Stripling, Ross",2020,13,18.2,32,37,3,3,5.84,10.6,39.1,1.0,False
626,"Wheeler, Zack",2020,3,18.4,23,26,4,2,2.92,3.8,34.0,2.0,False
627,"Boyd, Matthew",2020,15,22.1,45,46,3,7,6.71,10.9,37.0,0.42857142857142855,False
628,"Corbin, Patrick",2020,10,20.3,34,35,2,7,4.66,6.5,44.2,0.2857142857142857,False
629,"Fiers, Mike",2020,9,14.4,30,31,6,3,4.58,7.5,33.5,2.0,False
630,"Heaney, Andrew",2020,9,25.1,33,35,4,3,4.46,7.4,39.4,1.3333333333333333,False
631,"Richards, Garrett",2020,7,21.6,23,23,2,2,4.03,8.8,35.1,1.0,True
632,"Keuchel, Dallas",2020,2,16.3,14,15,6,2,1.99,4.0,31.3,3.0,False
633,"Kikuchi, Yusei",2020,3,24.2,27,27,2,4,5.17,3.9,36.2,0.5,False
634,"Gausman, Kevin",2020,8,32.2,24,26,3,3,3.62,7.4,36.9,1.0,True
635,"Ray, Robbie",2020,13,27.1,38,40,2,5,6.62,13.1,46.0,0.4,False
636,"Walker, Taijuan",2020,8,22.2,16,23,4,3,2.7,7.2,32.9,1.3333333333333333,True
637,"Williams, Trevor",2020,15,19.4,38,42,2,8,6.18,6.7,36.0,0.25,False
638,"Montas, Frankie",2020,10,25.3,33,35,3,5,5.6,7.8,35.3,0.6,False
639,"deGrom, Jacob",2020,7,38.8,18,21,4,2,2.38,9.6,33.6,2.0,False
640,"Gonzales, Marco",2020,8,23.1,24,27,7,2,3.1,8.4,34.3,3.5,False
641,"Weaver, Luke",2020,10,23.3,38,39,1,9,6.58,9.3,42.0,0.1111111111111111,False
642,"Bassitt, Chris",2020,6,21.1,16,18,5,2,2.29,5.9,37.4,2.5,False
643,"Bundy, Dylan",2020,5,27.0,24,27,6,3,3.29,4.6,32.9,2.0,False
644,"Davies, Zach",2020,9,22.8,21,26,7,4,2.73,10.3,36.6,1.75,False
645,"Houser, Adrian",2020,8,17.9,33,41,1,6,5.3,5.6,32.8,0.16666666666666666,False
646,"Nola, Aaron",2020,9,33.2,26,31,5,5,3.28,5.4,38.1,1.0,True
647,"Snell, Blake",2020,10,31.0,18,19,4,2,3.24,9.8,36.9,2.0,False
648,"Turnbull, Spencer",2020,2,21.1,25,25,4,4,3.97,6.3,43.8,1.0,True
649,"Woodruff, Brandon",2020,9,31.1,25,26,3,5,3.05,7.2,33.9,0.6,True
650,"Glasnow, Tyler",2020,11,38.2,26,26,5,1,4.08,8.8,42.4,5.0,False
651,"Fedde, Erick",2020,10,12.6,24,25,2,4,4.29,8.3,39.6,0.5,False
652,"Freeland, Kyle",2020,9,15.1,34,34,2,3,4.33,5.6,35.8,0.6666666666666666,False
653,"Fried, Max",2020,2,22.3,14,14,7,0,2.25,3.3,23.8,7.0,False
654,"Giolito, Lucas",2020,8,33.7,28,31,4,3,3.48,5.6,35.4,1.3333333333333333,True
655,"Márquez, Germán",2020,6,21.2,34,41,4,6,3.75,4.9,40.2,0.6666666666666666,True
656,"Voth, Austin",2020,14,19.6,35,36,2,5,6.34,9.4,43.4,0.4,False
657,"Eflin, Zach",2020,8,28.6,26,28,4,2,3.97,7.5,32.7,2.0,False
658,"McCullers Jr., Lance",2020,5,24.7,24,29,3,3,3.93,10.3,34.9,1.0,True
659,"Mills, Alec",2020,13,18.3,31,31,5,5,4.48,9.2,39.5,1.0,False
660,"Berríos, José",2020,8,25.1,28,28,5,4,4.0,6.3,39.7,1.25,True
661,"Young, Alex",2020,11,19.1,28,30,2,4,5.44,12.7,40.7,0.5,False
662,"Castillo, Luis",2020,5,30.5,25,31,4,6,3.21,4.5,37.1,0.6666666666666666,True
663,"Senzatela, Antonio",2020,9,13.5,28,29,5,3,3.44,5.4,38.3,1.6666666666666667,False
664,"Castellani, Ryan",2020,12,13.2,28,30,1,4,5.82,7.5,45.1,0.25,False
665,"Maeda, Kenta",2020,9,32.3,20,20,6,1,2.7,7.0,24.7,6.0,False
666,"Urías, Julio",2020,5,20.1,20,20,3,0,3.27,5.0,28.6,3.0,False
667,"Manaea, Sean",2020,7,20.3,27,32,4,3,4.5,7.1,44.6,1.3333333333333333,False
668,"López, Pablo",2020,4,24.6,23,27,6,4,3.61,4.3,32.3,1.5,False
669,"Keller, Brad",2020,2,16.3,15,16,5,3,2.47,3.7,39.1,1.6666666666666667,False
670,"Kuhl, Chad",2020,8,22.3,22,26,2,3,4.27,13.1,39.3,0.6666666666666666,False
671,"Mahle, Tyler",2020,6,29.9,19,21,2,2,3.59,6.0,39.7,1.0,True
672,"Yarbrough, Ryan",2020,5,18.8,22,22,1,4,3.56,5.8,25.1,0.25,True
673,"Dunn, Justin",2020,10,19.2,22,23,4,1,4.34,11.0,44.9,4.0,False
674,"Civale, Aaron",2020,11,22.1,39,39,4,6,4.74,6.7,33.5,0.6666666666666666,False
675,"Canning, Griffin",2020,8,23.5,25,29,2,3,3.99,8.9,34.2,0.6666666666666666,True
676,"Cease, Dylan",2020,12,17.3,26,30,5,4,4.01,8.8,40.9,1.25,True
677,"Montgomery, Jordan",2020,7,24.4,25,27,2,3,5.11,6.0,29.9,0.6666666666666666,False
678,"Peterson, David",2020,5,19.5,19,20,6,2,3.44,7.2,33.3,3.0,False
679,"Sheffield, Justus",2020,2,20.7,22,23,4,3,3.58,3.7,46.6,1.3333333333333333,True
680,"Webb, Logan",2020,4,18.7,33,38,3,4,5.47,5.4,40.1,0.75,False
681,"Lamet, Dinelson",2020,5,34.8,16,18,3,1,2.09,7.3,40.0,3.0,False
682,"Bubic, Kris",2020,8,22.1,24,29,1,6,4.32,8.1,36.2,0.16666666666666666,False
683,"Singer, Brady",2020,8,23.2,29,29,4,5,4.06,4.5,40.1,0.8,False
684,"Paddack, Chris",2020,14,23.7,31,33,4,5,4.73,11.0,47.4,0.8,False
685,"Brubaker, JT",2020,6,23.4,26,27,1,3,4.94,8.0,32.8,0.3333333333333333,False
686,"Valdez, Framber",2020,5,26.4,28,32,5,3,3.57,7.9,48.7,1.6666666666666667,False
687,"Javier, Cristian",2020,11,25.2,21,21,5,2,3.48,6.4,29.3,2.5,False
688,"Luzardo, Jesús",2020,9,23.8,27,27,3,2,4.12,7.1,36.7,1.5,False
689,"Plesac, Zach",2020,8,27.7,14,14,4,2,2.28,9.9,33.1,2.0,False
690,"Gallen, Zac",2020,9,28.2,22,24,3,2,2.75,7.2,32.6,1.5,False
691,"May, Dustin",2020,9,19.6,16,18,3,1,2.57,6.7,33.7,3.0,False
692,"Burnes, Corbin",2020,2,36.7,14,15,4,1,2.11,7.2,34.4,4.0,False
693,"Bieber, Shane",2020,7,41.1,14,15,8,1,1.63,7.2,43.1,8.0,False
694,"Dobnak, Randy",2020,3,13.5,21,21,6,4,4.05,5.2,40.9,1.5,False
695,"Wainwright, Adam",2021,21,21.0,70,72,17,7,3.05,6.2,35.6,2.4285714285714284,False
696,"Greinke, Zack",2021,30,17.2,79,82,11,6,4.16,6.5,35.4,1.8333333333333333,False
697,"Hill, Rich",2021,21,22.7,68,70,7,8,3.86,8.9,34.8,0.875,True
698,"Morton, Charlie",2021,16,28.6,69,77,14,6,3.34,4.9,32.5,2.3333333333333335,False
699,"Lester, Jon",2021,25,14.5,74,84,7,6,4.71,7.7,37.2,1.1666666666666667,False
700,"Scherzer, Max",2021,23,34.1,49,53,15,4,2.46,8.0,34.3,3.75,False
701,"Happ, J.A.",2021,30,18.2,98,100,10,8,5.79,11.6,41.8,1.25,False
702,"Lynn, Lance",2021,18,27.5,47,52,11,6,2.69,5.8,36.0,1.8333333333333333,False
703,"Miley, Wade",2021,17,18.1,61,64,12,7,3.37,6.1,34.2,1.7142857142857142,False
704,"Minor, Mike",2021,26,22.3,89,92,8,12,5.05,9.3,35.9,0.6666666666666666,False
705,"Gibson, Kyle",2021,17,20.6,75,78,10,9,3.71,4.9,39.1,1.1111111111111112,True
706,"Darvish, Yu",2021,28,29.2,78,81,8,11,4.22,8.8,34.9,0.7272727272727273,False
707,"Bumgarner, Madison",2021,24,20.2,76,82,7,10,4.67,7.5,38.5,0.7,False
708,"Harvey, Matt",2021,19,16.3,89,96,6,14,6.27,7.9,40.9,0.42857142857142855,False
709,"Kelly, Merrill",2021,21,19.5,78,82,7,11,4.44,6.3,39.6,0.6363636363636364,False
710,"Pérez, Martín",2021,19,19.1,60,71,7,8,4.74,9.3,42.2,0.875,False
711,"Anderson, Tyler",2021,27,19.1,84,87,7,11,4.53,8.5,33.0,0.6363636363636364,False
712,"Cole, Gerrit",2021,24,33.5,65,69,16,8,3.23,9.8,38.6,2.0,False
713,"DeSclafani, Anthony",2021,19,22.5,59,61,13,7,3.17,8.1,38.8,1.8571428571428572,False
714,"Eovaldi, Nathan",2021,15,25.5,76,81,11,9,3.75,6.3,36.4,1.2222222222222223,True
715,"Gray, Sonny",2021,19,27.0,63,67,7,9,4.19,4.7,32.1,0.7777777777777778,False
716,"Hendricks, Kyle",2021,31,16.7,96,101,14,7,4.77,8.4,33.0,2.0,False
717,"Lyles, Jordan",2021,38,19.0,103,104,10,13,5.15,9.1,41.6,0.7692307692307693,False
718,"Ryu, Hyun Jin",2021,24,20.4,82,85,14,10,4.37,8.5,41.6,1.4,False
719,"Wheeler, Zack",2021,16,29.1,66,72,14,10,2.78,4.6,28.5,1.4,False
720,"Corbin, Patrick",2021,37,19.0,111,114,9,16,5.82,9.2,41.2,0.5625,False
721,"Heaney, Andrew",2021,29,26.9,84,85,8,9,5.83,9.4,40.8,0.8888888888888888,False
722,"Matz, Steven",2021,18,22.3,64,70,14,7,3.82,7.0,37.9,2.0,False
723,"Richards, Garrett",2021,19,18.6,74,86,7,8,4.87,8.5,47.8,0.875,False
724,"Keuchel, Dallas",2021,25,13.2,95,105,9,9,5.28,9.0,39.8,1.0,False
725,"Stroman, Marcus",2021,17,21.7,60,70,10,13,3.02,6.5,42.0,0.7692307692307693,True
726,"Kikuchi, Yusei",2021,27,24.5,77,82,7,9,4.41,11.0,47.0,0.7777777777777778,False
727,"Foltynewicz, Mike",2021,35,16.6,84,86,2,12,5.44,9.2,43.0,0.16666666666666666,False
728,"Gausman, Kevin",2021,20,29.3,60,66,14,6,2.81,7.1,40.9,2.3333333333333335,False
729,"Gray, Jon",2021,21,24.4,76,83,8,12,4.59,6.9,38.2,0.6666666666666666,False
730,"Ray, Robbie",2021,33,32.1,61,62,13,7,2.84,9.8,43.1,1.8571428571428572,False
731,"Smyly, Drew",2021,27,21.4,63,69,11,4,4.48,10.1,39.0,2.75,False
732,"Taillon, Jameson",2021,24,23.2,69,73,8,6,4.3,8.2,40.4,1.3333333333333333,False
733,"Walker, Taijuan",2021,26,22.3,79,84,7,11,4.47,10.0,39.4,0.6363636363636364,False
734,"Montas, Frankie",2021,20,26.6,70,79,13,9,3.37,8.7,42.3,1.4444444444444444,False
735,"Rodriguez, Eduardo",2021,19,27.4,83,87,13,8,4.74,6.8,33.6,1.625,False
736,"Gonzales, Marco",2021,29,18.5,63,64,10,6,3.96,11.4,37.0,1.6666666666666667,False
737,"Pivetta, Nick",2021,24,26.5,78,80,9,8,4.53,8.2,40.4,1.125,False
738,"Bassitt, Chris",2021,15,25.0,55,55,12,4,3.15,6.5,33.2,3.0,False
739,"Davies, Zach",2021,25,17.1,95,99,6,12,5.78,9.1,43.3,0.5,False
740,"Houser, Adrian",2021,12,17.5,51,61,10,6,3.22,5.0,36.0,1.6666666666666667,False
741,"López, Jorge",2021,21,20.2,82,83,3,14,6.07,9.3,43.5,0.21428571428571427,False
742,"Musgrove, Joe",2021,22,27.1,64,68,11,9,3.18,7.2,38.5,1.2222222222222223,True
743,"Nola, Aaron",2021,26,29.8,93,95,9,9,4.63,7.1,37.4,1.0,False
744,"Snell, Blake",2021,16,30.9,60,61,7,6,4.2,11.0,41.2,1.1666666666666667,False
745,"Woodruff, Brandon",2021,18,29.8,51,54,9,10,2.56,5.8,32.7,0.9,True
746,"Rodón, Carlos",2021,13,34.6,35,39,13,5,2.37,6.6,36.2,2.6,False
747,"Fedde, Erick",2021,23,21.7,81,90,7,9,5.47,9.3,40.6,0.7777777777777778,False
748,"Freeland, Kyle",2021,20,20.4,58,59,7,8,4.33,8.2,35.3,0.875,False
749,"Means, John",2021,30,22.7,59,64,6,9,3.62,10.1,37.8,0.6666666666666666,True
750,"Fried, Max",2021,15,23.7,56,61,14,7,3.04,6.3,34.3,2.0,False
751,"Giolito, Lucas",2021,27,28.0,70,74,11,9,3.53,6.7,34.2,1.2222222222222223,True
752,"Irvin, Cole",2021,23,16.3,84,94,10,15,4.24,7.3,39.3,0.6666666666666666,False
753,"Wacha, Michael",2021,23,22.9,70,73,3,5,5.05,10.5,43.0,0.6,False
754,"Márquez, Germán",2021,21,23.3,88,92,12,11,4.4,5.3,39.3,1.0909090909090908,False
755,"Quantrill, Cal",2021,16,19.6,48,55,8,3,2.89,6.8,34.5,2.6666666666666665,False
756,"Kaprielian, James",2021,19,24.5,54,55,8,5,4.07,9.3,42.3,1.6,False
757,"Buehler, Walker",2021,19,26.0,57,61,16,4,2.47,6.8,37.1,4.0,False
758,"McCullers Jr., Lance",2021,13,27.0,57,59,13,5,3.16,5.3,40.7,2.6,False
759,"Mills, Alec",2021,16,16.8,67,75,6,7,5.07,4.9,39.3,0.8571428571428571,False
760,"Berríos, José",2021,22,26.1,75,83,12,9,3.52,9.1,38.3,1.3333333333333333,True
761,"Wood, Alex",2021,14,26.0,59,63,10,4,3.83,5.3,40.5,2.5,False
762,"Castillo, Luis",2021,19,23.9,83,94,8,16,3.98,4.5,36.9,0.5,True
763,"Senzatela, Antonio",2021,12,15.7,77,84,4,10,4.42,5.9,42.7,0.4,False
764,"Flexen, Chris",2021,19,16.9,72,74,14,6,3.61,6.3,38.1,2.3333333333333335,False
765,"Urías, Julio",2021,19,26.2,61,67,20,3,2.96,5.3,30.3,6.666666666666667,False
766,"Crowe, Wil",2021,25,21.2,71,75,4,8,5.48,9.4,37.1,0.5,False
767,"Manaea, Sean",2021,25,25.7,78,79,11,10,3.91,8.0,41.2,1.1,True
768,"Alzolay, Adbert",2021,25,24.7,64,66,5,13,4.58,9.9,38.1,0.38461538461538464,False
769,"Dunning, Dane",2021,13,22.3,59,61,5,10,4.51,8.1,43.5,0.5,False
770,"Keller, Brad",2021,18,19.6,80,89,8,12,5.39,10.9,45.0,0.6666666666666666,False
771,"Mahle, Tyler",2021,24,27.7,75,78,13,6,3.75,6.5,34.3,2.1666666666666665,False
772,"Yarbrough, Ryan",2021,25,17.9,88,96,9,7,5.11,7.8,28.2,1.2857142857142858,False
773,"Peralta, Freddy",2021,14,33.6,45,47,10,5,2.81,6.0,31.8,2.0,False
774,"Alcantara, Sandy",2021,21,24.0,73,85,9,15,3.19,6.1,39.4,0.6,True
775,"Cease, Dylan",2021,20,31.9,72,77,13,7,3.91,9.9,38.8,1.8571428571428572,False
776,"Montgomery, Jordan",2021,19,24.5,67,73,6,7,3.83,7.4,36.5,0.8571428571428571,True
777,"Webb, Logan",2021,9,26.5,50,53,11,3,3.03,5.6,38.8,3.6666666666666665,False
778,"Ohtani, Shohei",2021,15,29.3,46,48,9,2,3.18,7.1,39.9,4.5,False
779,"Bubic, Kris",2021,22,20.5,64,67,6,7,4.43,9.0,39.6,0.8571428571428571,False
780,"Allard, Kolby",2021,29,19.5,75,80,3,12,5.41,10.6,39.0,0.25,False
781,"Mize, Casey",2021,24,19.3,62,64,7,9,3.71,10.0,40.0,0.7777777777777778,True
782,"McClanahan, Shane",2021,14,27.3,47,49,10,6,3.43,10.7,45.7,1.6666666666666667,False
783,"Singer, Brady",2021,14,22.4,70,81,5,10,4.91,5.6,37.6,0.5,False
784,"Brubaker, JT",2021,28,24.0,74,75,5,13,5.36,8.8,38.7,0.38461538461538464,False
785,"Valdez, Framber",2021,12,21.9,47,52,11,6,3.14,5.8,44.4,1.8333333333333333,False
786,"Anderson, Ian",2021,16,23.2,51,51,9,5,3.58,9.5,38.7,1.8,False
787,"Plesac, Zach",2021,23,16.7,74,79,10,6,4.67,9.4,43.4,1.6666666666666667,False
788,"Gallen, Zac",2021,19,26.6,58,61,4,10,4.3,7.9,43.0,0.4,False
789,"Burnes, Corbin",2021,7,35.6,45,47,11,5,2.43,3.1,30.5,2.2,False
790,"Gilbert, Logan",2021,17,25.4,62,63,6,5,4.68,8.8,44.6,1.2,False
791,"Skubal, Tarik",2021,35,25.9,72,76,8,12,4.34,13.9,45.1,0.6666666666666666,False
792,"Rogers, Trevor",2021,6,28.5,39,46,7,8,2.64,5.0,36.7,0.875,True
793,"Garcia, Luis",2021,19,26.4,60,62,11,8,3.48,7.3,38.7,1.375,False
794,"Wainwright, Adam",2022,16,17.8,79,80,11,12,3.71,6.5,36.6,0.9166666666666666,True
795,"Greinke, Zack",2022,14,12.5,56,65,4,9,3.68,6.8,39.6,0.4444444444444444,True
796,"Verlander, Justin",2022,12,27.8,34,43,18,4,1.75,6.3,34.8,4.5,False
797,"Kluber, Corey",2022,20,20.2,79,82,10,10,4.34,6.9,34.7,1.0,False
798,"Hill, Rich",2022,15,20.7,59,67,8,7,4.27,8.2,34.0,1.1428571428571428,False
799,"Morton, Charlie",2022,28,28.2,83,85,9,6,4.34,9.5,42.1,1.5,False
800,"Scherzer, Max",2022,13,30.6,37,39,11,5,2.29,8.4,33.9,2.2,False
801,"Cueto, Johnny",2022,15,15.7,59,66,8,10,3.35,7.3,35.9,0.8,True
802,"Lynn, Lance",2022,19,24.2,54,65,8,7,3.99,6.7,38.7,1.1428571428571428,True
803,"Carrasco, Carlos",2022,17,23.6,67,71,15,7,3.97,7.0,39.5,2.142857142857143,False
804,"Quintana, Jose",2022,8,20.2,54,61,6,7,2.93,5.5,35.8,0.8571428571428571,True
805,"Gibson, Kyle",2022,24,20.1,94,98,10,8,5.05,7.5,37.5,1.25,False
806,"Cobb, Alex",2022,9,23.9,62,72,7,8,3.73,3.7,41.1,0.875,True
807,"Darvish, Yu",2022,22,25.6,67,67,16,8,3.1,8.8,37.1,2.0,False
808,"Bumgarner, Madison",2022,25,16.0,86,97,7,15,4.88,9.8,43.2,0.4666666666666667,False
809,"Kelly, Merrill",2022,21,22.0,75,77,13,8,3.37,8.3,36.5,1.625,False
810,"Pérez, Martín",2022,11,20.6,63,70,12,8,2.89,4.3,34.9,1.5,False
811,"Anderson, Tyler",2022,14,19.5,51,57,15,5,2.57,4.9,28.5,3.0,False
812,"Cole, Gerrit",2022,33,32.4,78,81,13,8,3.5,9.5,40.2,1.625,False
813,"Lyles, Jordan",2022,26,18.6,88,94,12,11,4.42,10.4,38.8,1.0909090909090908,False
814,"Stripling, Ross",2022,12,20.7,45,49,10,4,3.01,9.2,37.2,2.5,False
815,"Wheeler, Zack",2022,13,26.9,48,52,12,7,2.82,7.7,34.5,1.7142857142857142,False
816,"Corbin, Patrick",2022,27,18.0,107,119,6,19,6.31,11.0,45.0,0.3157894736842105,False
817,"Mikolas, Miles",2022,25,19.0,74,81,12,13,3.29,6.9,36.0,0.9230769230769231,True
818,"Stroman, Marcus",2022,16,20.9,54,61,6,7,3.5,6.6,40.7,0.8571428571428571,True
819,"Gausman, Kevin",2022,15,28.3,65,72,12,10,3.35,8.1,38.5,1.2,True
820,"Gray, Jon",2022,17,25.7,56,61,7,7,3.96,6.1,38.0,1.0,True
821,"Ray, Robbie",2022,32,27.4,78,80,12,12,3.71,7.9,39.1,1.0,True
822,"Syndergaard, Noah",2022,14,16.8,59,62,10,10,3.94,7.8,34.0,1.0,True
823,"Taillon, Jameson",2022,26,20.7,77,78,14,5,3.91,8.3,36.2,2.8,False
824,"Walker, Taijuan",2022,15,20.3,61,63,12,5,3.49,7.3,40.6,2.4,False
825,"Montas, Frankie",2022,18,23.4,65,72,5,12,4.05,8.0,34.2,0.4166666666666667,True
826,"Gonzales, Marco",2022,30,13.2,84,97,10,15,4.13,7.2,35.0,0.6666666666666666,False
827,"Gomber, Austin",2022,20,18.0,77,80,5,7,5.56,8.5,35.9,0.7142857142857143,False
828,"Pivetta, Nick",2022,27,22.6,91,91,10,12,4.56,9.0,45.6,0.8333333333333334,False
829,"Bassitt, Chris",2022,19,22.4,69,71,15,9,3.42,6.6,32.8,1.6666666666666667,False
830,"Bundy, Dylan",2022,24,15.8,76,79,8,8,4.89,8.9,38.3,1.0,False
831,"Davies, Zach",2022,21,17.9,61,66,2,5,4.09,8.0,34.5,0.4,False
832,"Musgrove, Joe",2022,22,24.9,59,67,10,7,2.93,6.0,32.5,1.4285714285714286,False
833,"Nola, Aaron",2022,19,29.1,74,75,11,13,3.25,7.1,31.6,0.8461538461538461,True
834,"Snell, Blake",2022,11,32.0,48,51,8,10,3.38,7.4,39.5,0.8,True
835,"Springs, Jeffrey",2022,14,26.2,37,42,9,5,2.46,5.9,37.7,1.8,False
836,"Thompson, Zach",2022,19,16.6,70,76,3,10,5.18,6.4,39.6,0.3,False
837,"Woodruff, Brandon",2022,18,30.6,52,56,13,4,3.05,7.1,37.5,3.25,False
838,"Rodón, Carlos",2022,12,33.4,57,59,14,8,2.88,6.5,39.8,1.75,False
839,"Fedde, Erick",2022,21,16.4,82,84,6,13,5.81,8.1,43.5,0.46153846153846156,False
840,"Freeland, Kyle",2022,19,17.1,88,96,9,11,4.53,9.7,42.4,0.8181818181818182,False
841,"Fried, Max",2022,12,23.2,51,55,14,7,2.48,4.0,32.1,2.0,False
842,"Giolito, Lucas",2022,24,25.4,88,92,11,9,4.9,7.5,39.0,1.2222222222222223,False
843,"Irvin, Cole",2022,25,17.3,80,87,9,13,3.98,9.6,39.5,0.6923076923076923,True
844,"Wacha, Michael",2022,18,20.2,47,49,11,2,3.32,9.6,35.4,5.5,False
845,"Márquez, Germán",2022,30,19.3,100,109,9,13,4.95,7.1,47.2,0.6923076923076923,False
846,"Quantrill, Cal",2022,21,16.6,70,78,15,5,3.38,7.5,35.7,3.0,False
847,"Kaprielian, James",2022,16,17.0,63,68,5,9,4.23,8.0,36.4,0.5555555555555556,False
848,"Berríos, José",2022,29,19.8,100,103,12,7,5.23,9.5,43.8,1.7142857142857142,False
849,"Wood, Alex",2022,17,23.6,74,78,8,12,5.1,7.1,39.8,0.6666666666666666,False
850,"Castillo, Luis",2022,13,27.2,50,56,8,6,2.99,6.9,37.6,1.3333333333333333,True
851,"Flexen, Chris",2022,17,16.1,57,61,8,9,3.73,9.0,40.0,0.8888888888888888,True
852,"Suárez, Ranger",2022,15,19.5,63,74,10,7,3.65,6.8,34.9,1.4285714285714286,False
853,"Urías, Julio",2022,23,24.1,42,51,17,7,2.16,6.7,30.4,2.4285714285714284,False
854,"Manaea, Sean",2022,29,23.2,87,95,8,9,4.96,9.1,42.9,0.8888888888888888,False
855,"López, Pablo",2022,21,23.6,75,78,10,10,3.75,9.0,35.1,1.0,True
856,"Cortes Jr., Nestor",2022,16,26.5,43,44,12,4,2.44,5.3,34.7,3.0,False
857,"Dunning, Dane",2022,20,20.4,76,80,4,8,4.46,8.9,38.0,0.5,False
858,"Hudson, Dakota",2022,9,13.1,69,71,8,7,4.45,6.0,40.4,1.1428571428571428,False
859,"Keller, Brad",2022,17,16.5,79,86,6,14,5.09,6.6,41.4,0.42857142857142855,False
860,"Kuhl, Chad",2022,25,17.8,87,91,6,11,5.72,9.7,44.6,0.5454545454545454,False
861,"Lauer, Eric",2022,27,23.8,65,71,11,7,3.69,8.0,38.0,1.5714285714285714,False
862,"Mahle, Tyler",2022,16,25.0,59,61,6,8,4.4,7.5,38.3,0.75,False
863,"Alcantara, Sandy",2022,16,23.4,58,67,14,9,2.28,5.3,38.5,1.5555555555555556,False
864,"Cease, Dylan",2022,16,30.4,45,55,14,8,2.2,6.2,31.2,1.75,False
865,"Keller, Mitch",2022,14,20.1,69,77,5,12,3.91,7.1,37.3,0.4166666666666667,True
866,"Montgomery, Jordan",2022,21,21.8,69,72,9,6,3.48,7.1,37.5,1.5,False
867,"Rasmussen, Drew",2022,13,21.4,46,51,11,7,2.84,6.6,39.2,1.5714285714285714,False
868,"Steele, Justin",2022,8,24.6,42,53,4,7,3.18,3.9,33.7,0.5714285714285714,True
869,"Wright, Kyle",2022,19,23.6,64,67,21,5,3.19,6.8,41.1,4.2,False
870,"Otto Jr., Glenn",2022,21,18.2,70,74,7,10,4.64,8.9,38.1,0.7,False
871,"Webb, Logan",2022,11,20.7,62,76,15,9,2.9,5.5,39.0,1.6666666666666667,False
872,"Ryan, Joe",2022,20,25.0,58,60,13,8,3.55,8.6,35.4,1.625,False
873,"Ohtani, Shohei",2022,14,33.2,43,45,15,9,2.33,6.3,33.2,1.6666666666666667,False
874,"Bubic, Kris",2022,18,18.7,80,87,3,13,5.58,7.8,44.9,0.23076923076923078,False
875,"McKenzie, Triston",2022,25,25.6,63,65,11,11,2.96,9.8,40.6,1.0,True
876,"McClanahan, Shane",2022,19,30.3,47,52,12,8,2.54,6.4,32.6,1.5,False
877,"Lynch IV, Daniel",2022,21,20.3,75,79,4,13,5.13,8.8,47.7,0.3076923076923077,False
878,"Sandoval, Patrick",2022,8,23.7,48,56,6,9,2.91,5.7,34.0,0.6666666666666666,True
879,"Singer, Brady",2022,18,24.2,55,58,10,5,3.23,8.2,40.9,2.0,False
880,"Brubaker, JT",2022,17,22.8,75,85,3,12,4.69,7.6,41.3,0.25,False
881,"Valdez, Framber",2022,11,23.5,63,71,17,6,2.82,5.8,41.6,2.8333333333333335,False
882,"Javier, Cristian",2022,17,33.2,42,44,11,9,2.54,7.2,33.6,1.2222222222222223,True
883,"Urquidy, José",2022,29,19.7,72,74,13,8,3.94,9.4,40.8,1.625,False
884,"Kremer, Dean",2022,11,17.0,45,48,8,7,3.23,7.3,39.2,1.1428571428571428,True
885,"Manoah, Alek",2022,16,22.9,49,55,16,7,2.24,5.4,31.5,2.2857142857142856,False
886,"Plesac, Zach",2022,19,17.6,63,74,3,12,4.31,9.6,41.5,0.25,False
887,"Gallen, Zac",2022,15,26.9,52,56,12,4,2.54,7.8,36.1,3.0,False
888,"Greene, Hunter",2022,24,30.9,62,64,5,13,4.44,9.4,40.1,0.38461538461538464,False
889,"Wilson, Bryse",2022,20,15.5,71,80,3,9,5.52,7.7,43.8,0.3333333333333333,False
890,"Burnes, Corbin",2022,23,30.5,66,73,12,8,2.94,5.7,34.1,1.5,False
891,"Gilbert, Logan",2022,19,22.7,66,71,13,6,3.2,7.1,45.6,2.1666666666666665,False
892,"Bieber, Shane",2022,18,25.0,64,70,13,8,2.88,7.2,43.1,1.625,False
893,"Kirby, George",2022,13,24.5,49,54,8,5,3.39,8.9,38.7,1.6,False
894,"Detmers, Reid",2022,13,22.6,54,56,7,6,3.77,8.0,38.6,1.1666666666666667,True
895,"Strider, Spencer",2022,7,38.3,39,42,11,5,2.67,6.1,36.0,2.2,False
896,"Garcia, Luis",2022,23,24.4,65,70,15,8,3.72,7.8,36.3,1.875,False
897,"Gray, Josiah",2022,38,23.7,83,84,7,10,5.02,10.7,36.9,0.7,False
898,"Bradish, Kyle",2022,17,21.8,64,68,4,7,4.9,7.8,41.0,0.5714285714285714,False
899,"Greinke, Zack",2023,25,16.4,80,82,2,15,5.06,7.7,38.8,0.13333333333333333,False
900,"Verlander, Justin",2023,18,21.5,58,63,13,8,3.22,8.2,41.3,1.625,False
901,"Hill, Rich",2023,23,19.5,88,98,8,14,5.41,10.1,39.9,0.5714285714285714,False
902,"Morton, Charlie",2023,14,25.6,66,70,14,12,3.64,7.8,39.1,1.1666666666666667,True
903,"Scherzer, Max",2023,28,28.0,64,65,13,6,3.77,8.5,36.9,2.1666666666666665,False
904,"Lynn, Lance",2023,44,23.6,117,127,13,11,5.73,10.4,39.3,1.1818181818181819,False
905,"Kershaw, Clayton",2023,19,26.2,36,39,13,5,2.46,9.0,39.1,2.6,False
906,"Gibson, Kyle",2023,23,19.5,101,101,15,9,4.73,7.6,44.5,1.6666666666666667,False
907,"Cobb, Alex",2023,19,20.3,65,69,7,7,3.87,7.0,43.4,1.0,True
908,"Darvish, Yu",2023,18,24.6,69,71,8,10,4.56,6.8,38.2,0.8,False
909,"Kelly, Merrill",2023,20,25.9,65,71,12,8,3.29,7.8,41.8,1.5,False
910,"Pérez, Martín",2023,21,15.3,70,74,10,4,4.45,7.6,37.2,2.5,False
911,"Anderson, Tyler",2023,20,18.9,85,90,6,6,5.43,8.2,32.3,1.0,False
912,"Cole, Gerrit",2023,20,27.0,61,64,15,4,2.63,7.6,39.2,3.75,False
913,"Eovaldi, Nathan",2023,15,22.9,58,59,12,5,3.63,7.9,43.1,2.4,False
914,"Gray, Sonny",2023,8,24.3,57,59,8,8,2.79,6.9,39.2,1.0,True
915,"Hendricks, Kyle",2023,13,16.1,57,68,6,8,3.74,6.2,31.5,0.75,True
916,"Lyles, Jordan",2023,39,16.0,124,130,6,17,6.28,9.9,35.5,0.35294117647058826,False
917,"Lorenzen, Michael",2023,20,17.8,71,76,9,9,4.18,8.0,40.2,1.0,False
918,"Wheeler, Zack",2023,20,26.9,77,82,13,6,3.61,5.1,36.4,2.1666666666666665,False
919,"Corbin, Patrick",2023,33,15.7,104,113,10,15,5.2,9.3,44.0,0.6666666666666666,False
920,"Heaney, Andrew",2023,23,23.6,68,74,10,6,4.15,10.2,38.6,1.6666666666666667,False
921,"Mikolas, Miles",2023,26,15.9,107,110,9,13,4.78,9.8,43.0,0.6923076923076923,False
922,"Stroman, Marcus",2023,9,20.7,60,68,10,9,3.95,5.0,41.4,1.1111111111111112,True
923,"Kikuchi, Yusei",2023,27,25.9,72,78,11,6,3.86,9.0,42.4,1.8333333333333333,False
924,"Gausman, Kevin",2023,19,31.1,65,72,12,9,3.16,9.9,43.3,1.3333333333333333,True
925,"Gray, Jon",2023,22,21.6,72,75,9,8,4.12,6.4,39.5,1.125,False
926,"Smyly, Drew",2023,26,22.5,79,89,11,11,5.0,7.3,33.6,1.0,False
927,"Taillon, Jameson",2023,27,21.4,83,96,8,10,4.84,10.7,38.4,0.8,False
928,"Walker, Taijuan",2023,20,18.8,84,87,15,6,4.38,6.8,40.9,2.5,False
929,"Williams, Trevor",2023,34,16.9,89,97,6,10,5.55,10.2,38.6,0.6,False
930,"Rodriguez, Eduardo",2023,15,23.0,56,59,13,9,3.3,7.5,38.5,1.4444444444444444,False
931,"Weaver, Luke",2023,29,19.4,88,90,3,6,6.4,9.8,42.0,0.5,False
932,"Gomber, Austin",2023,26,14.4,85,88,9,9,5.5,8.9,44.3,1.0,False
933,"Pivetta, Nick",2023,23,31.2,64,69,10,9,4.04,11.8,43.8,1.1111111111111112,True
934,"Bassitt, Chris",2023,28,22.5,80,88,16,8,3.6,8.3,35.3,2.0,False
935,"Clevinger, Mike",2023,16,20.0,55,56,9,9,3.77,7.2,35.9,1.0,True
936,"Nola, Aaron",2023,32,25.5,96,105,12,9,4.46,8.3,38.5,1.3333333333333333,False
937,"Snell, Blake",2023,15,31.5,45,47,14,9,2.25,7.4,33.8,1.5555555555555556,False
938,"Rea, Colin",2023,23,21.3,63,65,6,6,4.55,7.7,43.3,1.0,False
939,"Freeland, Kyle",2023,29,13.9,87,96,6,14,5.03,8.7,43.5,0.42857142857142855,False
940,"Lugo, Seth",2023,19,23.2,58,62,8,7,3.57,9.6,44.2,1.1428571428571428,True
941,"Giolito, Lucas",2023,41,25.7,100,110,8,15,4.88,11.0,41.6,0.5333333333333333,False
942,"Wacha, Michael",2023,15,22.4,48,49,14,4,3.22,7.3,35.5,3.5,False
943,"Eflin, Zach",2023,19,26.5,69,69,16,8,3.5,9.0,35.1,2.0,False
944,"Berríos, José",2023,25,23.5,77,82,11,12,3.65,8.6,35.8,0.9166666666666666,True
945,"Castillo, Luis",2023,28,27.3,73,81,14,9,3.34,9.4,41.8,1.5555555555555556,False
946,"Suárez, Ranger",2023,13,22.0,58,59,4,6,4.18,7.5,36.1,0.6666666666666666,False
947,"López, Pablo",2023,24,29.2,79,81,11,8,3.66,6.3,34.8,1.375,False
948,"Dunning, Dane",2023,20,19.4,71,73,12,7,3.7,7.5,40.2,1.7142857142857142,False
949,"France, J.P.",2023,19,17.4,58,64,11,6,3.83,8.1,38.7,1.8333333333333333,False
950,"Ober, Bailey",2023,22,25.3,55,58,8,6,3.43,9.6,35.7,1.3333333333333333,True
951,"Peralta, Freddy",2023,26,30.9,71,77,12,10,3.86,8.6,37.7,1.2,True
952,"Alcantara, Sandy",2023,22,19.8,85,91,7,12,4.14,7.0,40.6,0.5833333333333334,False
953,"Civale, Aaron",2023,12,23.0,47,47,7,5,3.46,6.6,36.4,1.4,False
954,"Canning, Griffin",2023,22,25.9,61,62,7,8,4.32,9.8,44.2,0.875,False
955,"Cease, Dylan",2023,19,27.3,90,98,7,9,4.58,6.2,41.6,0.7777777777777778,False
956,"Flaherty, Jack",2023,17,22.8,80,83,8,9,4.99,7.3,38.3,0.8888888888888888,False
957,"Keller, Mitch",2023,25,25.5,91,97,13,9,4.21,8.6,35.6,1.4444444444444444,False
958,"Kopech, Michael",2023,29,22.7,78,80,5,12,5.43,12.7,42.4,0.4166666666666667,False
959,"Megill, Tylor",2023,18,18.5,66,76,9,8,4.7,9.1,42.6,1.125,False
960,"Montgomery, Jordan",2023,18,21.4,67,75,10,11,3.2,7.5,37.9,0.9090909090909091,True
961,"Steele, Justin",2023,14,24.6,59,71,16,5,3.06,5.4,36.6,3.2,False
962,"Webb, Logan",2023,20,22.8,78,83,11,13,3.25,6.9,46.0,0.8461538461538461,True
963,"Schmidt, Clarke",2023,24,21.5,82,91,9,9,4.64,7.6,41.0,1.0,False
964,"Ryan, Joe",2023,32,29.3,81,83,11,10,4.51,8.7,41.6,1.1,False
965,"Ohtani, Shohei",2023,18,31.5,46,50,10,5,3.14,10.1,35.0,2.0,False
966,"Irvin, Jake",2023,20,18.7,62,66,3,7,4.61,10.3,39.6,0.42857142857142855,False
967,"Sandoval, Patrick",2023,12,19.6,66,89,7,13,4.11,7.0,35.1,0.5384615384615384,False
968,"Singer, Brady",2023,20,18.9,98,102,8,11,5.52,7.8,48.6,0.7272727272727273,False
969,"Valdez, Framber",2023,19,24.8,76,86,12,11,3.45,8.0,45.6,1.0909090909090908,True
970,"Javier, Cristian",2023,25,23.1,82,85,10,5,4.56,9.4,38.3,2.0,False
971,"Kremer, Dean",2023,27,21.4,79,85,13,5,4.12,8.9,40.3,2.6,False
972,"Garrett, Braxton",2023,20,23.7,65,68,9,7,3.66,7.8,45.1,1.2857142857142858,True
973,"Luzardo, Jesús",2023,22,28.1,71,79,10,10,3.58,9.5,40.0,1.0,True
974,"Gallen, Zac",2023,22,26.0,81,87,17,9,3.47,9.2,46.2,1.8888888888888888,False
975,"Ashcraft, Graham",2023,23,17.8,77,78,7,9,4.76,6.9,38.9,0.7777777777777778,False
976,"Gore, MacKenzie",2023,27,25.9,67,71,7,10,4.42,12.1,43.7,0.7,False
977,"Nelson, Ryne",2023,24,15.5,85,87,8,8,5.31,11.6,42.7,1.0,False
978,"Burnes, Corbin",2023,22,25.5,73,77,10,8,3.39,5.3,32.4,1.25,True
979,"Gilbert, Logan",2023,29,24.5,79,82,13,7,3.73,9.0,44.6,1.8571428571428572,False
980,"Bieber, Shane",2023,14,20.1,54,56,6,6,3.8,7.8,47.8,1.0,True
981,"Kirby, George",2023,22,22.7,71,74,13,10,3.35,7.5,40.9,1.3,True
982,"Oviedo, Johan",2023,19,20.2,85,91,9,14,4.31,7.6,40.2,0.6428571428571429,False
983,"Allen, Logan",2023,16,22.2,53,55,7,8,3.81,7.6,39.1,0.875,True
984,"Detmers, Reid",2023,19,26.1,74,81,4,10,4.48,6.2,41.4,0.4,False
985,"Senga, Kodai",2023,17,29.1,55,60,12,7,2.98,6.8,40.6,1.7142857142857142,False
986,"Strider, Spencer",2023,22,36.8,80,85,20,5,3.86,8.2,36.1,4.0,False
987,"Miller, Bobby",2023,12,23.6,52,53,11,4,3.76,6.0,37.6,2.75,False
988,"Bibee, Tanner",2023,13,24.1,47,49,10,4,2.98,6.1,38.1,2.5,False
989,"Sears, JP",2023,34,21.9,87,90,5,14,4.54,11.1,38.4,0.35714285714285715,False
990,"Crawford, Kutter",2023,17,25.6,58,59,6,8,4.04,7.7,35.3,0.75,True
991,"Bello, Brayan",2023,24,19.8,74,77,12,11,4.24,7.0,44.3,1.0909090909090908,False
992,"Rodriguez, Grayson",2023,16,25.0,59,62,7,4,4.35,7.3,43.7,1.75,False
993,"Gray, Josiah",2023,22,20.5,69,72,8,13,3.91,9.4,36.7,0.6153846153846154,True
994,"Bradish, Kyle",2023,14,25.0,53,54,12,7,2.83,6.9,42.0,1.7142857142857142,False
995,"Miller, Bryce",2023,18,22.2,63,64,8,7,4.32,10.9,42.1,1.1428571428571428,False
996,"Waldichuk, Ken",2023,24,20.7,84,93,4,9,5.36,7.7,38.5,0.4444444444444444,False
997,"Brown, Hunter",2023,26,26.8,88,94,11,13,5.09,10.9,44.4,0.8461538461538461,False
998,"Elder, Bryce",2023,19,17.5,74,79,12,4,3.81,6.0,41.0,3.0,False
